"","data","stato","codice_regione","denominazione_regione","codice_provincia","denominazione_provincia","sigla_provincia","lat","long","totale_casi","note_it","note_en","territory_code","population","regional_territory_code","dt","totale_casi_2020-02-24","totale_casi_2020-02-25","totale_casi_2020-02-26","totale_casi_2020-02-27","totale_casi_2020-02-28","totale_casi_2020-02-29","totale_casi_2020-03-01","totale_casi_2020-03-02","totale_casi_2020-03-03","totale_casi_2020-03-04","totale_casi_2020-03-05","totale_casi_2020-03-06","totale_casi_2020-03-07","totale_casi_2020-03-08","totale_casi_2020-03-09","totale_casi_2020-03-10","totale_casi_2020-03-11","totale_casi_2020-03-12","totale_casi_2020-03-13","totale_casi_2020-03-14","totale_casi_2020-03-15","totale_casi_2020-03-16","totale_casi_2020-03-17","totale_casi_2020-03-18","totale_casi_2020-03-19","totale_casi_2020-03-20","totale_casi_2020-03-21","totale_casi_2020-03-22","totale_casi_2020-03-23","totale_casi_2020-03-24","totale_casi_2020-03-25","totale_casi_2020-03-26","totale_casi_2020-03-27","totale_casi_2020-03-28","totale_casi_2020-03-29","totale_casi_2020-03-30","totale_casi_2020-03-31","totale_casi_2020-04-01","totale_casi_2020-04-02","totale_casi_2020-04-03","totale_casi_2020-04-04","totale_casi_2020-04-05","totale_casi_2020-04-06","totale_casi_2020-04-07","totale_casi_2020-04-08","totale_casi_2020-04-09","totale_casi_2020-04-10","totale_casi_2020-04-11","totale_casi_2020-04-12","totale_casi_2020-04-13","totale_casi_2020-04-14","totale_casi_2020-04-15","totale_casi_2020-04-16","totale_casi_2020-04-17","totale_casi_2020-04-18","current_rate","yesterdays_rate","rate_two_days_before","rate_three_days_before","cubic_rate","cubic_perc_rate","current_perc_rate","trend","per_capita"
"5779","2020-04-18T17:00:00","ITA",13,"Abruzzo",69,"Chieti","CH",42.35103167,14.16754574,566,"","","ITF14",385588,"ITF1",2020-04-18,0,0,0,0,0,0,0,0,0,0,2,3,4,4,7,9,9,20,23,25,30,38,41,44,69,80,91,102,129,133,146,175,189,229,266,273,280,292,299,310,317,325,327,343,361,369,392,441,452,465,469,469,499,553,566,1.02350813743219,1.10821643286573,1.06396588486141,1,1.0646688053651,6.46688053651003,2.35081374321882,-4.1,146.788800481343
"5780","2020-04-18T17:00:00","ITA",13,"Abruzzo",66,"L'Aquila","AQ",42.35122196,13.39843823,233,"","","ITF11",299031,"ITF1",2020-04-18,0,0,0,0,0,0,0,0,1,1,1,1,1,1,5,6,6,8,9,13,15,18,19,20,25,29,31,38,40,47,60,64,75,88,101,115,123,128,140,166,174,179,183,189,197,199,213,218,220,220,228,229,232,233,233,1,1.00431034482759,1.01310043668122,1.00438596491228,1.00578884096044,0.578884096043542,0,-0.6,77.9183429142798
"5781","2020-04-18T17:00:00","ITA",13,"Abruzzo",68,"Pescara","PE",42.46458398,14.21364822,1071,"","","ITF13",318909,"ITF1",2020-04-18,0,0,0,0,0,0,0,0,1,1,1,1,2,8,14,18,18,48,48,65,82,101,138,160,223,259,302,334,370,369,412,445,476,512,576,594,622,631,646,669,700,727,728,756,771,805,838,869,889,930,947,971,1005,1042,1071,1.0278310940499,1.03681592039801,1.03501544799176,1.02534318901795,1.03321351966122,3.32135196612242,2.7831094049904,-0.5,335.832478857605
"5782","2020-04-18T17:00:00","ITA",13,"Abruzzo",67,"Teramo","TE",42.6589177,13.70439971,617,"","","ITF12",308052,"ITF1",2020-04-18,0,0,0,1,1,2,5,5,3,3,4,4,4,4,4,5,5,8,9,9,10,19,31,39,68,81,105,113,124,140,195,262,277,304,350,363,376,385,412,418,437,472,483,511,530,558,571,592,599,598,601,605,610,615,617,1.00325203252033,1.00819672131148,1.00826446280992,1.00665557404326,1.00656833279307,0.656833279306901,0.325203252032513,-0.3,200.290859984678
"5783","2020-04-18T17:00:00","ITA",17,"Basilicata",77,"Matera","MT",40.66751177,16.59792442,172,"","","ITF52",197909,"ITF5",2020-04-18,0,0,0,0,0,0,0,0,0,0,0,1,1,2,3,3,3,3,3,3,4,4,4,5,7,9,8,16,18,25,36,48,53,76,84,92,104,114,118,124,125,136,143,144,145,146,147,151,153,155,155,155,169,170,172,1.01176470588235,1.00591715976331,1.09032258064516,1,1.03529849554607,3.52984955460689,1.17647058823529,-2.4,86.9086297237619
"5784","2020-04-18T17:00:00","ITA",17,"Basilicata",76,"Potenza","PZ",40.63947052,15.80514834,167,"","","ITF51",364960,"ITF5",2020-04-18,0,0,0,0,0,0,0,0,1,1,1,2,2,2,2,4,5,5,7,7,7,8,16,22,30,43,58,65,72,67,70,86,98,106,118,122,122,123,128,137,139,142,144,147,152,157,161,161,162,164,164,165,167,167,167,1,1,1.01212121212121,1.00609756097561,1.00402418822683,0.402418822682926,0,-0.4,45.7584392810171
"5785","2020-04-18T17:00:00","ITA",4,"Trentino Alto Adige / Südtirol",21,"Bolzano / Bozen","BZ",46.49933453,11.35662422,2325,"","","ITD10",531178,"ITDA",2020-04-18,0,1,1,1,1,1,1,1,1,1,1,4,9,9,9,38,75,104,125,173,204,241,291,376,436,548,621,678,724,781,858,906,1003,1109,1214,1325,1371,1418,1479,1559,1592,1644,1722,1811,1835,1903,1955,1957,2098,2149,2184,2224,2267,2296,2325,1.01263066202091,1.01279223643582,1.0193345323741,1.01831501831502,1.01491434613004,1.49143461300441,1.2630662020906,-0.2,437.70638091186
"5786","2020-04-18T17:00:00","ITA",18,"Calabria",79,"Catanzaro","CZ",38.90597598,16.59440194,197,"","","ITF63",358316,"ITF6",2020-04-18,0,0,0,0,0,0,0,0,0,0,1,2,2,2,3,3,2,3,3,5,6,6,14,20,27,34,38,45,46,49,51,53,115,118,123,134,139,140,146,150,150,157,158,162,169,173,176,181,182,183,184,190,194,195,197,1.01025641025641,1.00515463917526,1.02105263157895,1.03260869565217,1.0121328991621,1.21328991621001,1.02564102564102,-0.2,54.9794036548745
"5787","2020-04-18T17:00:00","ITA",18,"Calabria",78,"Cosenza","CS",39.29308681,16.25609692,385,"","","ITF61",705753,"ITF6",2020-04-18,0,0,0,0,1,1,1,1,1,1,1,1,1,1,4,6,5,8,10,15,17,17,27,31,38,45,50,63,68,84,99,107,128,154,171,184,186,188,194,203,204,230,243,254,266,275,289,291,291,295,317,318,357,367,385,1.04904632152589,1.02801120448179,1.12264150943396,1.00315457413249,1.06580528597823,6.58052859782261,4.90463215258856,-1.7,54.5516632589589
"5788","2020-04-18T17:00:00","ITA",18,"Calabria",101,"Crotone","KR",39.08036878,17.12538864,117,"","","ITF62",174980,"ITF6",2020-04-18,0,0,0,0,0,0,0,0,0,0,0,0,0,0,0,0,1,6,7,5,17,17,21,23,39,45,50,61,62,66,71,80,80,87,90,93,93,94,94,106,106,109,111,112,113,113,113,113,117,117,117,117,117,117,117,1,1,1,1,1,0,0,0,66.8647845468054
"5789","2020-04-18T17:00:00","ITA",18,"Calabria",80,"Reggio di Calabria","RC",38.10922769,15.6434527,240,"","","ITF65",548009,"ITF6",2020-04-18,0,0,0,0,0,0,0,0,0,0,0,1,1,1,2,3,6,11,13,18,22,22,46,47,57,73,84,88,94,97,105,123,140,155,189,190,195,201,207,218,222,237,243,243,248,250,256,260,263,263,268,276,269,240,240,1,0.892193308550186,0.97463768115942,1.02985074626866,0.954481217239136,-4.55187827608644,0,4.6,43.7949011786303
"5790","2020-04-18T17:00:00","ITA",18,"Calabria",102,"Vibo Valentia","VV",38.67624147,16.10157414,70,"","","ITF64",160073,"ITF6",2020-04-18,0,0,0,0,0,0,0,0,0,0,0,0,0,0,2,1,5,5,5,17,6,6,6,8,8,8,11,14,20,21,23,28,29,39,39,44,44,44,48,54,57,60,60,60,61,61,65,68,68,68,68,68,70,70,70,1,1,1.02941176470588,1,1.00970934508224,0.970934508224186,0,-1,43.7300481655245
"5791","2020-04-18T17:00:00","ITA",15,"Campania",64,"Avellino","AV",40.91404699,14.79528803,425,"","","ITF34",418306,"ITF3",2020-04-18,0,0,0,0,0,0,0,0,0,0,0,0,0,3,3,3,7,12,14,19,37,49,56,56,88,97,124,132,145,155,172,180,182,193,208,220,226,258,290,340,351,355,373,375,378,379,397,399,400,401,402,407,416,423,425,1.00472813238771,1.01682692307692,1.02211302211302,1.01243781094527,1.01452987497279,1.45298749727931,0.472813238770686,-1,101.600263921627
"5792","2020-04-18T17:00:00","ITA",15,"Campania",62,"Benevento","BN",41.12969987,14.78151683,167,"","","ITF32",277018,"ITF3",2020-04-18,0,0,0,0,0,0,0,0,0,0,0,0,0,4,4,4,2,3,3,3,4,4,4,4,8,8,11,13,13,14,14,14,15,21,21,70,76,81,85,85,86,108,108,111,133,145,149,152,156,156,157,157,157,164,167,1.01829268292683,1.04458598726115,1,1,1.02079595295907,2.07959529590698,1.82926829268293,-0.3,60.2848912345046
"5793","2020-04-18T17:00:00","ITA",15,"Campania",61,"Caserta","CE",41.07465878,14.33240464,397,"","","ITF31",922965,"ITF3",2020-04-18,0,0,0,0,0,0,0,0,0,0,0,0,0,28,32,34,26,29,38,41,45,60,65,65,94,96,106,116,124,152,165,177,179,186,197,206,221,238,255,264,279,300,308,331,349,352,359,368,375,381,387,390,393,393,397,1.01017811704835,1,1.00769230769231,1.0077519379845,1.0059474635352,0.594746353520392,1.01781170483461,0.4,43.0135487261164
"5794","2020-04-18T17:00:00","ITA",15,"Campania",63,"Napoli","NA",40.83956555,14.25084984,2130,"","","ITF33",3084890,"ITF3",2020-04-18,0,0,0,3,4,13,17,17,30,17,17,17,17,45,55,61,96,109,140,171,188,219,258,258,358,416,463,504,543,588,626,665,734,827,898,991,1053,1161,1279,1428,1498,1532,1568,1643,1668,1699,1772,1809,1871,1932,2010,2026,2072,2109,2130,1.0099573257468,1.01785714285714,1.02270483711747,1.00796019900498,1.01682618334909,1.68261833490948,0.995732574679953,-0.7,69.0462220695065
"5795","2020-04-18T17:00:00","ITA",15,"Campania",65,"Salerno","SA",40.67821961,14.7594026,602,"","","ITF35",1098513,"ITF3",2020-04-18,0,0,0,0,0,0,0,0,0,0,0,0,0,15,17,17,17,18,20,31,49,57,65,65,92,115,126,157,179,182,220,244,244,307,323,338,341,360,385,400,426,437,462,468,489,499,513,533,536,541,557,564,587,599,602,1.00500834724541,1.02044293015332,1.04078014184397,1.01256732495512,1.02197231046594,2.19723104659366,0.5008347245409,-1.7,54.8013541942608
"5796","2020-04-18T17:00:00","ITA",8,"Emilia-Romagna",37,"Bologna","BO",44.49436681,11.3417208,3679,"","","ITD55",1014619,"ITD5",2020-04-18,0,0,0,0,0,2,2,3,6,11,19,41,49,62,80,86,108,122,155,195,230,291,333,395,465,552,610,674,833,968,1107,1253,1413,1586,1743,1872,1940,2084,2225,2339,2429,2521,2617,2656,2758,2856,2954,3075,3197,3292,3320,3380,3490,3619,3679,1.01657916551534,1.03696275071633,1.03254437869822,1.01807228915663,1.02865805018242,2.86580501824187,1.65791655153358,-1.2,362.599162838465
"5797","2020-04-18T17:00:00","ITA",8,"Emilia-Romagna",38,"Ferrara","FE",44.83599085,11.61868934,759,"","","ITD56",345691,"ITD5",2020-04-18,0,0,0,0,0,0,0,0,0,0,0,1,2,6,7,8,12,17,24,29,34,44,58,64,78,102,123,150,172,190,204,212,244,281,300,306,320,326,341,368,474,488,510,522,538,563,566,580,616,618,635,649,709,744,759,1.02016129032258,1.04936530324401,1.0924499229584,1.02204724409449,1.05357557304154,5.35755730415439,2.01612903225807,-3.3,219.560243107284
"5798","2020-04-18T17:00:00","ITA",8,"Emilia-Romagna",40,"Forlì-Cesena","FC",44.22268559,12.04068608,1396,"","","ITD58",394627,"ITD5",2020-04-18,0,0,0,0,0,0,1,1,1,2,4,3,7,15,16,20,24,33,49,62,78,103,144,171,227,250,269,329,380,437,454,513,580,612,642,683,730,756,789,866,924,977,1015,1034,1058,1081,1099,1163,1211,1245,1301,1324,1347,1380,1396,1.01159420289855,1.02449888641425,1.01737160120846,1.01767870868563,1.01780788503149,1.78078850314942,1.15942028985507,-0.6,353.751770659382
"5799","2020-04-18T17:00:00","ITA",8,"Emilia-Romagna",36,"Modena","MO",44.64600009,10.92615487,3340,"","","ITD54",705393,"ITD5",2020-04-18,0,3,8,18,18,22,24,29,33,41,45,73,82,97,116,127,163,190,251,306,367,440,460,575,663,767,906,1010,1155,1354,1533,1676,1772,1922,2094,2137,2222,2297,2416,2498,2551,2609,2691,2758,2811,2867,2930,3011,3087,3132,3180,3217,3262,3301,3340,1.01181460163587,1.01195585530349,1.01398818775256,1.01163522012579,1.01258572820251,1.25857282025077,1.1814601635868,-0.1,473.494917017889
"5800","2020-04-18T17:00:00","ITA",8,"Emilia-Romagna",34,"Parma","PR",44.80107394,10.32834985,2768,"","","ITD52",451631,"ITD5",2020-04-18,0,4,8,10,27,35,59,61,84,115,150,181,229,276,279,325,378,430,518,570,662,707,800,800,869,979,1014,1209,1364,1435,1525,1611,1690,1752,1809,1859,1933,2005,2049,2083,2201,2275,2317,2365,2395,2421,2473,2512,2531,2573,2582,2616,2698,2725,2768,1.01577981651376,1.01000741289844,1.03134556574924,1.01316808675445,1.01900453165209,1.90045316520908,1.57798165137615,-0.3,612.889726347394
"5801","2020-04-18T17:00:00","ITA",8,"Emilia-Romagna",33,"Piacenza","PC",45.05193462,9.692632596,3299,"","","ITD51",287152,"ITD5",2020-04-18,0,18,28,63,89,138,174,212,256,319,378,426,479,528,602,633,664,679,710,853,1012,1073,1204,1340,1428,1575,1693,1765,1885,1981,2122,2213,2276,2390,2475,2516,2635,2716,2765,2811,2842,2892,2936,2953,2980,3020,3049,3063,3100,3138,3167,3223,3249,3274,3299,1.00763591936469,1.0076946752847,1.00806701830593,1.0176823492264,1.00779918624216,0.779918624216114,0.763591936469155,0,1148.86889173678
"5802","2020-04-18T17:00:00","ITA",8,"Emilia-Romagna",39,"Ravenna","RA",44.41722493,12.19913936,921,"","","ITD57",389456,"ITD5",2020-04-18,0,0,0,0,1,1,2,2,2,2,3,8,10,13,19,24,31,41,55,78,100,114,124,153,185,213,287,309,342,368,387,451,488,521,553,568,580,605,627,656,688,708,728,738,746,751,776,789,801,827,880,889,904,910,921,1.01208791208791,1.00663716814159,1.01687289088864,1.01022727272727,1.01185734778956,1.1857347789564,1.2087912087912,0,236.483710611725
"5803","2020-04-18T17:00:00","ITA",8,"Emilia-Romagna",35,"Reggio nell'Emilia","RE",44.69735289,10.63007973,4217,"","","ITD53",531891,"ITD5",2020-04-18,0,0,0,0,1,4,7,8,14,20,31,44,48,70,103,104,114,123,138,153,185,241,299,414,608,773,977,1167,1369,1437,1586,1698,1861,1996,2146,2208,2307,2553,2665,2800,2908,3066,3167,3215,3352,3505,3630,3765,3849,3888,3947,3982,4053,4090,4217,1.03105134474328,1.00912904021712,1.01783023606228,1.00886749429947,1.01929708397229,1.92970839722915,3.10513447432763,1.2,792.831613996101
"5804","2020-04-18T17:00:00","ITA",8,"Emilia-Romagna",99,"Rimini","RN",44.06090087,12.5656295,1805,"","","ITD59",339017,"ITD5",2020-04-18,0,1,3,6,9,15,16,19,24,33,68,93,104,113,164,206,245,312,363,398,425,509,509,613,691,757,826,942,1035,1084,1136,1189,1264,1323,1357,1382,1407,1445,1456,1511,1523,1553,1575,1584,1596,1613,1651,1677,1706,1727,1740,1749,1774,1791,1805,1.00781686208822,1.00958286358512,1.01429388221841,1.0051724137931,1.01056084139703,1.05608413970266,0.781686208821886,-0.3,532.421677968951
"5805","2020-04-18T17:00:00","ITA",6,"Friuli-Venezia Giulia",31,"Gorizia","GO",45.94149817,13.62212502,131,"","","ITD43",139403,"ITD4",2020-04-18,0,0,0,0,0,0,0,0,3,5,5,6,6,6,6,10,12,12,20,20,31,16,18,25,28,30,38,44,55,57,65,75,79,85,91,91,98,106,110,111,115,116,119,119,121,120,121,121,123,127,129,130,132,132,131,0.992424242424242,1,1.01538461538462,1.0077519379845,1.00255755589554,0.255755589554085,-0.757575757575757,-1,93.972152679641
"5806","2020-04-18T17:00:00","ITA",6,"Friuli-Venezia Giulia",93,"Pordenone","PN",45.95443546,12.66002909,587,"","","ITD41",312533,"ITD4",2020-04-18,0,0,0,0,0,0,0,0,0,0,0,0,2,2,2,4,13,13,31,45,42,54,54,76,97,114,144,165,170,201,277,295,332,362,368,383,405,419,441,452,461,470,477,480,497,513,520,529,539,547,551,557,573,574,587,1.02264808362369,1.00174520069808,1.02872531418312,1.01088929219601,1.01764031101762,1.76403110176249,2.26480836236933,0.5,187.82016619045
"5807","2020-04-18T17:00:00","ITA",6,"Friuli-Venezia Giulia",32,"Trieste","TS",45.6494354,13.76813649,1102,"","","ITD44",234493,"ITD4",2020-04-18,0,0,0,0,0,0,6,9,2,5,5,7,11,25,25,53,57,57,131,148,140,164,177,180,208,216,270,297,320,329,355,385,411,452,476,494,545,575,598,629,651,670,708,733,763,821,857,872,890,916,945,961,1011,1067,1102,1.03280224929709,1.05539070227498,1.05202913631634,1.01693121693122,1.04669319895154,4.66931989515407,3.28022492970947,-1.4,469.950062475212
"5808","2020-04-18T17:00:00","ITA",6,"Friuli-Venezia Giulia",30,"Udine","UD",46.06255516,13.2348383,906,"","","ITD42",528791,"ITD4",2020-04-18,0,0,0,0,0,0,0,0,8,8,11,18,23,24,24,26,44,44,75,88,129,152,145,181,266,296,338,361,385,405,431,460,487,530,536,524,536,576,641,681,754,786,793,813,830,839,845,865,873,884,890,891,895,897,906,1.01003344481605,1.00223463687151,1.00448933782267,1.00112359550562,1.00558047267464,0.558047267464379,1.00334448160535,0.4,171.334232239202
"5809","2020-04-18T17:00:00","ITA",12,"Lazio",60,"Frosinone","FR",41.63964569,13.35117161,505,"","","ITE45",489083,"ITE4",2020-04-18,0,0,0,0,0,0,0,0,0,1,1,1,1,2,2,6,8,18,28,28,34,44,49,54,48,52,59,78,82,97,106,156,191,232,252,290,321,329,334,354,364,369,374,401,425,441,463,469,473,472,473,479,497,502,505,1.00597609561753,1.01006036217304,1.03757828810021,1.01268498942918,1.0177754124022,1.77754124022032,0.597609561752988,-1.2,103.254457832311
"5810","2020-04-18T17:00:00","ITA",12,"Lazio",59,"Latina","LT",41.46759465,12.90368482,436,"","","ITE44",575254,"ITE4",2020-04-18,0,0,0,0,0,0,0,0,0,0,0,2,2,6,6,11,11,11,15,20,23,23,23,23,23,115,136,146,159,182,198,206,212,215,239,254,257,272,280,304,318,336,349,356,364,377,384,387,398,404,410,419,421,430,436,1.01395348837209,1.02137767220903,1.00477326968974,1.0219512195122,1.01334537287792,1.33453728779187,1.39534883720931,0.1,75.7926063964788
"5811","2020-04-18T17:00:00","ITA",12,"Lazio",57,"Rieti","RI",42.40488444,12.86205939,280,"","","ITE42",155503,"ITE4",2020-04-18,0,0,0,0,0,0,0,0,0,0,0,0,0,0,0,1,3,2,3,3,4,11,12,12,18,18,24,24,31,33,39,41,43,62,76,105,132,193,188,188,188,189,266,268,269,269,270,273,276,276,276,277,277,278,280,1.00719424460432,1.00361010830325,1,1.0036231884058,1.00359715327642,0.359715327641941,0.71942446043165,0.4,180.060834839199
"5812","2020-04-18T17:00:00","ITA",12,"Lazio",58,"Roma","RM",41.89277044,12.48366722,4018,"","","ITE43",4342212,"ITE4",2020-04-18,0,3,3,3,3,6,6,7,14,29,42,49,71,77,91,76,99,162,218,288,354,412,486,590,678,755,893,1049,1171,1287,1428,1567,1703,1839,1945,2068,2186,2260,2393,2503,2620,2714,2769,2830,2910,3026,3114,3219,3315,3431,3560,3665,3767,3888,4018,1.03343621399177,1.0321210512344,1.02783083219645,1.02949438202247,1.03112658568513,3.11265856851284,3.34362139917694,0.2,92.5334829345043
"5813","2020-04-18T17:00:00","ITA",12,"Lazio",56,"Viterbo","VT",42.4173828,12.10473416,349,"","","ITE41",317030,"ITE4",2020-04-18,0,0,0,0,0,0,0,0,0,0,0,2,2,2,2,5,10,5,10,13,15,27,31,39,50,63,72,82,93,121,122,122,124,144,179,181,181,193,219,226,240,243,243,262,263,278,304,313,316,318,326,326,338,346,349,1.00867052023121,1.02366863905325,1.03680981595092,1,1.02298502336482,2.29850233648221,0.867052023121384,-1.4,110.08421915907
"5814","2020-04-18T17:00:00","ITA",7,"Liguria",10,"Genova","GE",44.41149314,8.9326992,3644,"","","ITC33",841180,"ITC3",2020-04-18,0,0,0,0,0,0,1,1,1,1,1,9,15,25,38,42,63,92,128,231,274,274,330,378,488,527,561,677,689,696,782,762,817,879,1026,1069,1095,1108,1153,1180,1312,1924,2002,2157,2785,2849,2918,2932,3086,3086,3472,3487,3522,3557,3644,1.02445881360697,1.0099375354912,1.01003728133066,1.0043202764977,1.01478835201494,1.47883520149363,2.44588136069721,1,433.200979576309
"5815","2020-04-18T17:00:00","ITA",7,"Liguria",8,"Imperia","IM",43.88570648,8.027850298,1104,"","","ITC31",213840,"ITC3",2020-04-18,0,0,0,0,0,0,1,1,2,2,2,3,7,10,11,15,18,32,41,64,78,78,76,101,117,145,155,168,160,186,177,211,214,236,234,243,234,226,220,223,224,586,592,667,799,831,899,881,882,882,979,1036,1048,1083,1104,1.01939058171745,1.03339694656489,1.01158301158301,1.0582226762002,1.02141705695159,2.14170569515915,1.93905817174516,-0.2,516.273849607183
"5816","2020-04-18T17:00:00","ITA",7,"Liguria",11,"La Spezia","SP",44.10704991,9.8281897,741,"","","ITC34",219556,"ITC3",2020-04-18,0,0,1,1,1,1,1,1,1,1,1,1,5,11,15,15,19,26,37,52,60,60,65,83,88,90,94,99,110,104,137,149,213,234,233,234,248,245,250,323,341,445,450,463,605,619,629,629,670,670,660,696,720,725,741,1.02206896551724,1.00694444444444,1.03448275862069,1.05454545454545,1.02110324445633,2.11032444563277,2.20689655172415,0.1,337.499316803002
"5817","2020-04-18T17:00:00","ITA",7,"Liguria",9,"Savona","SV",44.30750461,8.481108654,812,"","","ITC32",276064,"ITC3",2020-04-18,0,1,10,18,18,41,19,16,20,19,20,15,19,25,35,38,42,52,62,87,96,96,100,126,131,162,173,175,185,204,210,209,223,219,239,249,249,251,245,264,261,734,695,509,654,656,686,771,797,797,697,717,749,812,812,1,1.08411214953271,1.04463040446304,1.0286944045911,1.0423469289715,4.23469289715008,0,-4.2,294.134693404428
"5818","2020-04-18T17:00:00","ITA",3,"Lombardia",16,"Bergamo","BG",45.69441368,9.668424528,10629,"","","ITC46",1114590,"ITC4",2020-04-18,0,18,20,72,103,110,209,243,372,423,537,623,761,997,1245,1472,1815,2136,2368,2864,3416,3760,3993,4305,4645,5154,5869,6216,6471,6728,7072,7458,8060,8349,8527,8664,8803,9039,9171,9315,9588,9712,9815,9868,9931,10043,10151,10258,10309,10391,10426,10472,10518,10590,10629,1.00368271954674,1.00684540787222,1.00439266615737,1.00441204680606,1.0049726849438,0.497268494380099,0.368271954674215,-0.1,953.624202621592
"5819","2020-04-18T17:00:00","ITA",3,"Lombardia",17,"Brescia","BS",45.53993052,10.21910323,11758,"","","ITC47",1265954,"ITC4",2020-04-18,0,0,2,10,13,14,49,60,86,127,155,182,413,501,739,790,1351,1598,1784,2122,2473,2918,3300,3784,4247,4648,5028,5317,5905,6298,6597,6931,7305,7678,8013,8213,8367,8598,8757,9014,9180,9340,9477,9594,9909,10122,10369,10599,10868,11058,11093,11187,11355,11567,11758,1.01651249243538,1.0186701893439,1.01501743094663,1.00847381231407,1.01673226556047,1.6732265560466,1.65124924353766,0,928.78572207205
"5820","2020-04-18T17:00:00","ITA",3,"Lombardia",13,"Como","CO",45.8099912,9.085159546,2439,"","","ITC42",599204,"ITC4",2020-04-18,0,0,0,0,0,1,2,2,4,5,11,11,23,27,40,46,77,98,118,154,184,220,256,286,338,380,452,512,581,635,706,762,816,903,1014,1061,1101,1157,1205,1256,1319,1384,1473,1525,1542,1605,1686,1825,1924,2015,2106,2154,2233,2285,2439,1.06739606126915,1.02328705776982,1.03667595171773,1.02279202279202,1.04229031054982,4.22903105498238,6.73960612691467,2.5,407.040006408502
"5821","2020-04-18T17:00:00","ITA",3,"Lombardia",19,"Cremona","CR",45.13336675,10.02420865,5407,"","","ITC4A",358955,"ITC4",2020-04-18,0,53,57,91,123,136,214,223,287,333,406,452,562,665,916,957,1061,1302,1344,1565,1792,1881,2073,2167,2286,2392,2733,2895,2925,3061,3156,3370,3496,3605,3762,3788,3869,3941,3974,4097,4154,4233,4260,4323,4422,4489,4562,4658,4721,4945,5172,5202,5273,5313,5407,1.01769245247506,1.00758581452683,1.01364859669358,1.00580046403712,1.01296710085165,1.29671008516528,1.76924524750612,0.5,1506.31694780683
"5822","2020-04-18T17:00:00","ITA",3,"Lombardia",97,"Lecco","LC",45.85575781,9.393392246,2030,"","","ITC43",337380,"ITC4",2020-04-18,0,0,0,0,0,0,2,3,4,5,8,11,35,53,66,89,113,199,237,287,344,386,440,466,530,676,818,872,934,1015,1076,1159,1210,1316,1381,1437,1470,1516,1552,1594,1628,1678,1712,1731,1755,1805,1838,1860,1881,1911,1970,1982,1986,2005,2030,1.01246882793017,1.00956696878147,1.00201816347124,1.00609137055838,1.00800834902923,0.800834902922842,1.24688279301746,0.4,601.695417629972
"5823","2020-04-18T17:00:00","ITA",3,"Lombardia",98,"Lodi","LO",45.31440693,9.503720769,2714,"","","ITC49",230198,"ITC4",2020-04-18,0,125,128,159,182,237,344,384,482,559,658,739,811,853,928,963,1035,1123,1133,1276,1320,1362,1418,1445,1528,1597,1693,1772,1817,1860,1884,1968,2006,2029,2057,2087,2116,2157,2189,2214,2238,2255,2278,2321,2347,2376,2419,2472,2543,2559,2569,2587,2626,2678,2714,1.0134428678118,1.01980198019802,1.01507537688442,1.00700661736084,1.01610316674145,1.61031667414455,1.34428678117999,-0.3,1178.98504765463
"5824","2020-04-18T17:00:00","ITA",3,"Lombardia",20,"Mantova","MN",45.15726772,10.79277363,2863,"","","ITC4B",412292,"ITC4",2020-04-18,0,0,0,0,0,1,4,5,15,22,26,32,46,56,102,119,137,169,187,261,339,382,465,514,636,723,842,905,985,1093,1176,1250,1398,1484,1550,1617,1688,1736,1782,1884,1981,2044,2084,2142,2216,2277,2355,2411,2486,2571,2631,2655,2691,2748,2863,1.04184861717613,1.02118171683389,1.0135593220339,1.00912200684151,1.02546051074862,2.54605107486241,4.18486171761281,1.6,694.41075742435
"5825","2020-04-18T17:00:00","ITA",3,"Lombardia",15,"Milano","MI",45.46679409,9.190347404,15546,"","","ITC45",3250315,"ITC4",2020-04-18,0,8,8,15,29,30,46,58,93,145,197,267,361,406,506,592,925,1146,1307,1551,1750,1983,2326,2644,3278,3804,4672,5096,5326,5701,6074,6922,7469,7783,8329,8676,8911,9522,10004,10391,10819,11230,11538,11787,12039,12479,12748,13268,13680,14161,14350,14675,14952,15277,15546,1.01760816914316,1.02173622257892,1.01887563884157,1.02264808362369,1.01940521537331,1.94052153733113,1.76081691431564,-0.2,478.292103996074
"5826","2020-04-18T17:00:00","ITA",3,"Lombardia",108,"Monza e della Brianza","MB",45.58439043,9.273582472,4042,"","","IT108",873935,"IT10",2020-04-18,0,3,4,5,6,6,6,8,9,11,19,20,61,59,64,65,85,130,143,224,327,346,376,401,495,816,1084,1108,1130,1454,1587,1750,1948,2086,2265,2362,2462,2543,2633,2774,2935,3046,3157,3206,3264,3355,3424,3575,3639,3720,3821,3878,3932,3975,4042,1.01685534591195,1.01093591047813,1.01392470345539,1.01491756084795,1.01390243986264,1.39024398626355,1.68553459119496,0.3,462.505792764908
"5827","2020-04-18T17:00:00","ITA",3,"Lombardia",18,"Pavia","PV",45.18509264,9.160157191,3536,"","","ITC48",545888,"ITC4",2020-04-18,0,27,27,36,49,55,78,83,122,126,151,180,221,243,296,324,403,468,482,622,722,801,884,978,1011,1105,1194,1306,1444,1499,1578,1685,1712,1877,1974,2036,2133,2180,2285,2331,2499,2619,2700,2735,2823,2889,2963,3049,3133,3193,3246,3316,3390,3448,3536,1.02552204176334,1.01710914454277,1.02231604342581,1.02156500308071,1.02164319085568,2.16431908556838,2.55220417633411,0.4,647.751919807726
"5828","2020-04-18T17:00:00","ITA",3,"Lombardia",14,"Sondrio","SO",46.17099261,9.87147489,937,"","","ITC44",181095,"ITC4",2020-04-18,0,1,3,3,3,3,3,3,3,4,4,4,6,6,7,7,13,23,23,45,45,46,74,75,155,163,179,205,208,253,284,325,362,388,422,446,470,484,517,537,563,591,614,620,636,654,661,684,720,796,849,859,864,866,937,1.08198614318707,1.00231481481481,1.0058207217695,1.01177856301531,1.02939520834103,2.93952083410278,8.1986143187067,5.3,517.407990281344
"5829","2020-04-18T17:00:00","ITA",3,"Lombardia",12,"Varese","VA",45.81701677,8.822868344,2106,"","","ITC41",890768,"ITC4",2020-04-18,0,0,0,0,3,4,4,4,7,11,17,23,27,32,44,50,75,98,125,158,184,202,234,265,310,338,359,386,421,450,468,502,711,768,812,866,893,937,1002,1085,1148,1191,1293,1326,1348,1491,1589,1633,1663,1711,1813,1884,1953,2021,2106,1.04205838693716,1.03481822836662,1.03662420382166,1.03916161059018,1.03782904970959,3.78290497095946,4.20583869371598,0.4,236.42519713326
"5830","2020-04-18T17:00:00","ITA",11,"Marche",42,"Ancona","AN",43.61675973,13.5188753,1702,"","","ITE32",471228,"ITE3",2020-04-18,0,0,0,0,0,0,1,2,5,9,19,23,38,54,63,81,110,142,158,215,267,323,356,403,447,513,564,676,702,751,820,869,905,944,1019,1060,1116,1174,1211,1263,1290,1356,1401,1429,1455,1481,1501,1547,1590,1605,1629,1647,1664,1686,1702,1.00948991696323,1.01322115384615,1.01032179720704,1.01104972375691,1.01100969177576,1.10096917757618,0.948991696322654,-0.2,361.183970392252
"5831","2020-04-18T17:00:00","ITA",11,"Marche",44,"Ascoli Piceno","AP",42.85322304,13.57691127,271,"","","ITE34",207179,"ITE3",2020-04-18,0,0,0,0,0,0,0,0,0,0,0,0,0,0,0,0,1,1,2,7,14,21,23,25,27,43,50,56,61,64,80,111,118,163,179,197,222,224,227,232,233,235,235,235,236,236,237,249,253,254,254,259,266,268,271,1.01119402985075,1.00751879699248,1.02702702702703,1.01968503937008,1.01521145386439,1.5211453864385,1.11940298507462,-0.4,130.804763031002
"5832","2020-04-18T17:00:00","ITA",11,"Marche",109,"Fermo","FM",43.16058534,13.71839535,381,"","","IT109",173800,"IT10",2020-04-18,0,0,0,0,0,0,0,0,0,1,3,3,3,5,5,6,8,11,16,22,36,36,36,46,68,80,82,113,133,139,160,204,233,241,246,246,259,263,284,298,305,308,312,314,334,339,343,354,361,363,363,367,378,379,381,1.00527704485488,1.0026455026455,1.0299727520436,1.01101928374656,1.01255736551333,1.25573655133311,0.527704485488134,-0.7,219.21749136939
"5833","2020-04-18T17:00:00","ITA",11,"Marche",43,"Macerata","MC",43.30023926,13.45307182,906,"","","ITE33",314178,"ITE3",2020-04-18,0,0,0,0,0,0,0,0,1,2,2,7,7,9,9,11,17,32,48,58,94,117,128,160,186,215,238,293,326,368,395,405,411,457,476,477,493,506,533,561,598,614,639,664,714,732,776,801,818,834,837,846,871,895,906,1.0122905027933,1.02755453501722,1.02955082742317,1.01075268817204,1.0231028117311,2.31028117311012,1.2290502793296,-1.1,288.371560071042
"5834","2020-04-18T17:00:00","ITA",11,"Marche",41,"Pesaro e Urbino","PU",43.91014021,12.91345989,2293,"","","ITE31",358886,"ITE3",2020-04-18,0,0,1,3,6,11,24,33,55,72,100,126,159,204,246,296,342,403,496,591,712,733,812,910,983,1099,1186,1249,1312,1371,1432,1474,1475,1507,1577,1639,1664,1722,1756,1786,1820,1853,1919,1956,2001,2044,2093,2121,2140,2181,2195,2230,2249,2277,2293,1.00702678963549,1.0124499777679,1.0085201793722,1.01594533029613,1.00932972587561,0.932972587561287,0.70267896354852,-0.2,638.921551690509
"5835","2020-04-18T17:00:00","ITA",14,"Molise",70,"Campobasso","CB",41.55774754,14.65916051,202,"","","ITF22",221238,"ITF2",2020-04-18,0,0,0,0,0,0,0,0,3,3,7,12,14,14,14,15,16,16,17,17,17,21,25,24,33,39,49,53,54,60,60,85,91,97,108,114,124,139,142,149,154,166,166,166,166,176,185,187,191,191,191,197,197,202,202,1,1.0253807106599,1,1.03141361256544,1.00838965375759,0.838965375759249,0,-0.8,91.3043871306014
"5836","2020-04-18T17:00:00","ITA",14,"Molise",94,"Isernia","IS",41.58800826,14.22575407,50,"","","ITF21",84379,"ITF2",2020-04-18,0,0,0,0,0,0,0,0,0,0,0,0,0,0,0,0,0,0,0,0,0,0,0,1,4,4,4,4,4,4,4,9,9,13,9,9,9,10,11,15,40,44,44,43,43,43,43,43,50,50,50,50,50,50,50,1,1,1,1,1,0,0,0,59.2564500645895
"5837","2020-04-18T17:00:00","ITA",1,"Piemonte",6,"Alessandria","AL",44.91297351,8.615401155,2752,"","","ITC18",421284,"ITC1",2020-04-18,0,0,0,0,0,0,0,0,1,16,22,32,40,60,63,65,105,132,136,182,207,273,323,374,374,595,654,760,817,946,946,980,1106,1197,1255,1280,1317,1378,1428,1491,1591,1763,1904,1946,2016,2081,2119,2191,2248,2315,2367,2407,2580,2696,2752,1.02077151335312,1.04496124031008,1.07187370170337,1.01689902830587,1.04566068534805,4.56606853480512,2.07715133531157,-2.5,653.241044046297
"5838","2020-04-18T17:00:00","ITA",1,"Piemonte",5,"Asti","AT",44.89912921,8.204142547,1038,"","","ITC17",214638,"ITC1",2020-04-18,0,0,0,0,0,0,0,37,40,41,43,47,50,58,58,58,68,69,70,87,87,87,90,101,101,151,166,181,209,235,261,282,303,318,328,402,434,461,501,523,560,596,609,629,643,655,703,745,779,793,868,897,925,957,1038,1.0846394984326,1.03459459459459,1.03121516164994,1.03341013824885,1.04986865642107,4.98686564210713,8.4639498432602,3.5,483.604953456517
"5839","2020-04-18T17:00:00","ITA",1,"Piemonte",96,"Biella","BI",45.5665112,8.054082167,748,"","","ITC13",175585,"ITC1",2020-04-18,0,0,0,0,0,0,0,0,0,0,2,3,6,19,18,20,36,39,48,48,50,67,96,109,109,175,182,243,253,280,327,336,367,399,439,471,490,503,523,542,559,571,583,591,600,621,628,653,662,679,702,717,719,728,748,1.02747252747253,1.0125173852573,1.00278940027894,1.02136752136752,1.01420904813726,1.42090481372608,2.74725274725274,1.3,426.00449924538
"5840","2020-04-18T17:00:00","ITA",1,"Piemonte",4,"Cuneo","CN",44.39329625,7.551171632,1977,"","","ITC16",587098,"ITC1",2020-04-18,0,0,0,0,0,0,0,0,0,0,0,1,1,5,11,14,17,24,40,47,61,91,119,149,149,221,265,303,367,409,441,487,518,558,591,650,731,778,826,850,932,1071,1135,1187,1227,1301,1318,1350,1462,1607,1747,1791,1814,1897,1977,1.04217185028993,1.0457552370452,1.01284198771636,1.02518603319977,1.03348385020418,3.34838502041792,4.21718502899315,0.9,336.741055156039
"5841","2020-04-18T17:00:00","ITA",1,"Piemonte",3,"Novara","NO",45.44588506,8.621915884,1941,"","","ITC15",369018,"ITC1",2020-04-18,0,0,0,0,0,0,0,3,3,3,3,4,5,13,14,22,27,32,48,48,71,109,150,190,190,293,330,398,420,471,517,577,609,657,694,733,797,854,902,930,967,986,1008,1073,1146,1218,1258,1540,1605,1612,1638,1708,1825,1855,1941,1.04636118598383,1.01643835616438,1.06850117096019,1.04273504273504,1.04354830341644,4.3548303416443,4.63611859838275,0.3,525.990602084451
"5842","2020-04-18T17:00:00","ITA",1,"Piemonte",1,"Torino","TO",45.0732745,7.680687483,9791,"","","ITC11",2259523,"ITC1",2020-04-18,0,3,3,2,11,11,49,6,7,11,19,34,55,89,87,111,159,187,305,305,359,542,749,1042,1042,1556,1680,1989,2198,2496,2813,3108,3361,3658,3933,4150,4455,4711,4991,5295,5772,5985,6180,6375,6595,6925,7226,7605,7939,8129,8339,8656,9116,9503,9791,1.03030621908871,1.04245283018868,1.05314232902033,1.03801415037774,1.04192534138602,4.19253413860157,3.03062190887089,-1.2,433.321546184748
"5843","2020-04-18T17:00:00","ITA",1,"Piemonte",103,"Verbano-Cusio-Ossola","VB",45.9214455,8.551078753,921,"","","ITC14",158349,"ITC1",2020-04-18,0,0,0,0,0,0,0,4,4,5,5,9,10,13,11,11,13,18,29,36,50,58,76,89,89,142,149,159,190,229,247,255,288,308,346,376,393,410,444,505,535,556,619,630,719,774,790,859,865,876,893,904,910,917,921,1.00436205016358,1.00769230769231,1.00663716814159,1.01231802911534,1.00622954871701,0.622954871701209,0.436205016357682,-0.2,581.626660098895
"5844","2020-04-18T17:00:00","ITA",1,"Piemonte",2,"Vercelli","VC",45.32398135,8.423234312,964,"","","ITC12",170911,"ITC1",2020-04-18,0,0,0,0,0,0,0,1,1,3,8,7,10,15,11,18,24,25,29,31,84,99,113,131,131,203,210,242,263,290,308,336,358,397,426,449,473,488,520,565,583,605,647,665,678,693,708,789,817,830,839,847,912,935,964,1.03101604278075,1.02521929824561,1.0767414403778,1.00953516090584,1.0440738243989,4.40738243988985,3.10160427807487,-1.3,564.036252786538
"5845","2020-04-18T17:00:00","ITA",16,"Puglia",72,"Bari","BA",41.12559576,16.86736689,1075,"","","ITF42",1251994,"ITF4",2020-04-18,0,0,0,1,0,0,0,1,2,2,2,3,5,5,6,15,18,25,38,42,58,58,95,112,137,165,194,231,268,304,336,387,444,469,518,594,616,655,700,741,762,790,807,834,861,870,886,913,921,962,989,1013,1029,1050,1075,1.02380952380952,1.02040816326531,1.01579466929911,1.02426693629929,1.01999882850502,1.99988285050166,2.38095238095237,0.4,85.8630312924822
"5846","2020-04-18T17:00:00","ITA",16,"Puglia",110,"Barletta-Andria-Trani","BT",41.22705039,16.29520432,335,"","","IT110",390011,"IT11",2020-04-18,0,0,0,0,0,0,0,0,0,1,1,1,2,3,3,3,4,6,10,17,22,22,23,23,26,30,32,49,59,62,65,85,92,96,98,103,111,116,126,129,129,138,177,177,212,212,243,260,296,301,306,315,330,333,335,1.00600600600601,1.00909090909091,1.04761904761905,1.02941176470588,1.02073126578467,2.07312657846652,0.600600600600609,-1.5,85.8950132175759
"5847","2020-04-18T17:00:00","ITA",16,"Puglia",74,"Brindisi","BR",40.63848545,17.94601575,458,"","","ITF44",392975,"ITF4",2020-04-18,0,0,0,0,0,0,0,0,0,0,0,0,3,3,5,5,15,16,20,23,40,40,52,65,75,84,94,100,102,103,116,122,125,148,152,164,164,191,208,218,234,246,257,262,284,299,316,334,358,379,403,417,428,439,458,1.04328018223235,1.02570093457944,1.02637889688249,1.03473945409429,1.03175474377858,3.17547437785786,4.32801822323463,1.2,116.546854125581
"5848","2020-04-18T17:00:00","ITA",16,"Puglia",71,"Foggia","FG",41.46226865,15.54305094,822,"","","ITF41",622183,"ITF4",2020-04-18,0,0,0,0,0,0,0,0,1,2,7,7,9,16,23,23,24,33,34,52,62,62,91,91,134,163,190,212,226,255,277,305,325,355,377,405,457,490,502,527,546,564,605,635,652,701,721,724,739,737,742,756,780,807,822,1.0185873605948,1.03461538461538,1.03174603174603,1.0188679245283,1.0282925137008,2.82925137008019,1.85873605947955,-1,132.115470850216
"5849","2020-04-18T17:00:00","ITA",16,"Puglia",75,"Lecce","LE",40.35354285,18.1718973,443,"","","ITF45",795134,"ITF4",2020-04-18,0,0,0,0,0,0,0,0,0,1,1,3,4,10,10,10,12,18,19,24,38,38,62,65,71,88,103,120,149,161,164,177,215,239,239,293,303,321,353,359,362,368,378,384,389,395,403,418,418,424,425,426,427,434,443,1.02073732718894,1.01639344262295,1.00234741784038,1.00235294117647,1.0131289117684,1.3128911768399,2.07373271889402,0.8,55.7138796731117
"5850","2020-04-18T17:00:00","ITA",16,"Puglia",73,"Taranto","TA",40.47354739,17.23237181,239,"","","ITF43",576756,"ITF4",2020-04-18,0,0,0,0,3,3,3,3,3,3,3,3,3,3,3,3,4,6,8,8,10,10,17,19,23,33,35,41,46,51,56,74,78,93,99,121,126,148,163,178,180,182,190,192,201,206,208,218,221,225,226,228,235,235,239,1.01702127659574,1,1.03070175438596,1.00884955752212,1.0158299614026,1.58299614025978,1.70212765957447,0.1,41.4386673047181
"5851","2020-04-18T17:00:00","ITA",20,"Sardegna",92,"Cagliari","CA",39.21531192,9.110616306,212,"","","ITG27",431038,"ITG2",2020-04-18,0,0,0,0,0,0,0,0,1,2,2,3,3,9,14,15,15,11,15,16,18,24,27,32,41,43,45,52,61,64,74,83,83,97,102,103,111,116,126,134,144,146,146,148,151,161,179,185,191,197,201,207,208,211,212,1.00473933649289,1.01442307692308,1.0048309178744,1.02985074626866,1.00798755882304,0.798755882303981,0.473933649289093,-0.3,49.1835986618349
"5852","2020-04-18T17:00:00","ITA",20,"Sardegna",91,"Nuoro","NU",40.32318834,9.330296393,70,"","","ITG26",208550,"ITG2",2020-04-18,0,0,0,0,0,0,0,0,0,0,0,2,2,2,3,3,18,18,18,18,19,19,20,20,21,22,22,22,22,26,26,52,52,56,57,57,57,59,60,62,62,65,65,65,67,67,67,67,67,67,67,67,67,67,70,1.04477611940298,1,1,1,1.01470798766518,1.47079876651768,4.4776119402985,3,33.5650923040038
"5853","2020-04-18T17:00:00","ITA",20,"Sardegna",95,"Oristano","OR",39.90381075,8.591183151,41,"","","ITG28",157707,"ITG2",2020-04-18,0,0,0,0,0,0,0,0,0,0,0,0,0,0,1,1,2,2,2,2,2,2,2,3,3,4,4,4,7,7,7,7,9,9,9,10,10,15,18,19,20,24,27,28,29,31,31,33,34,35,35,38,39,40,41,1.025,1.02564102564103,1.02631578947368,1.08571428571429,1.02565213100886,2.56521310088584,2.49999999999999,-0.1,25.997577786655
"5854","2020-04-18T17:00:00","ITA",20,"Sardegna",90,"Sassari","SS",40.72667657,8.559667131,789,"","","ITG25",491571,"ITG2",2020-04-18,0,0,0,0,0,0,0,0,0,0,0,0,0,0,1,1,2,4,4,6,35,57,63,74,134,216,251,253,260,309,318,331,336,407,415,454,486,497,528,547,585,601,610,620,654,689,706,724,737,745,749,763,764,774,789,1.01937984496124,1.0130890052356,1.00131061598952,1.01869158878505,1.01123204082793,1.12320408279265,1.93798449612403,0.8,160.505806892595
"5855","2020-04-18T17:00:00","ITA",20,"Sardegna",111,"Sud Sardegna","SU",39.16641462,8.526242676,86,"","","IT111",350725,"IT11",2020-04-18,0,0,0,0,0,0,0,0,0,0,0,0,0,0,0,0,0,4,4,5,3,5,5,5,7,8,8,8,9,15,17,21,50,55,55,58,58,58,62,63,63,71,74,74,74,78,80,82,84,84,86,86,86,86,86,1,1,1,1,1,0,0,0,24.5206358257894
"5856","2020-04-18T17:00:00","ITA",19,"Sicilia",84,"Agrigento","AG",37.30971088,13.5845749,132,"","","ITG14",434870,"ITG1",2020-04-18,0,0,0,0,0,0,0,0,0,0,0,0,1,1,1,11,16,17,17,17,20,22,22,24,27,31,36,41,45,47,50,55,58,58,78,89,94,96,98,100,102,107,109,110,113,115,119,123,126,128,130,131,132,132,132,1,1,1.00763358778626,1.00769230769231,1.0025380819521,0.253808195210148,0,-0.3,30.3538988663279
"5857","2020-04-18T17:00:00","ITA",19,"Sicilia",85,"Caltanissetta","CL",37.49213171,14.06184973,138,"","","ITG15",262458,"ITG1",2020-04-18,0,0,0,0,0,0,0,0,0,0,0,0,0,0,0,0,0,2,2,2,2,4,4,6,12,18,27,27,29,40,45,50,55,57,68,70,70,76,80,83,93,102,104,105,107,112,116,122,128,131,135,137,138,138,138,1,1,1.00729927007299,1.01481481481481,1.00242719398726,0.242719398726021,0,-0.2,52.5798413460439
"5858","2020-04-18T17:00:00","ITA",19,"Sicilia",87,"Catania","CT",37.50287803,15.08704691,758,"","","ITG17",1107702,"ITG1",2020-04-18,0,0,0,1,1,1,1,1,1,1,1,15,23,23,23,35,41,49,49,49,91,96,108,131,151,162,189,234,274,286,308,346,365,387,407,448,498,510,544,559,569,594,614,630,646,662,672,678,689,704,715,725,735,745,758,1.01744966442953,1.01360544217687,1.01379310344828,1.01398601398601,1.01494786190783,1.49478619078303,1.74496644295301,0.3,68.4299567934336
"5859","2020-04-18T17:00:00","ITA",19,"Sicilia",86,"Enna","EN",37.56705701,14.27909375,365,"","","ITG16",164788,"ITG1",2020-04-18,0,0,0,0,0,0,0,0,0,0,0,1,0,0,0,1,1,1,1,1,2,5,8,8,21,25,27,34,44,63,90,133,155,168,192,195,203,224,238,257,280,284,287,289,296,300,316,321,325,327,335,340,341,358,365,1.0195530726257,1.04985337243402,1.00294117647059,1.01492537313433,1.02393247151578,2.3932471515782,1.95530726256983,-0.4,221.496710925553
"5860","2020-04-18T17:00:00","ITA",19,"Sicilia",83,"Messina","ME",38.19395845,15.55572302,481,"","","ITG13",626876,"ITG1",2020-04-18,0,0,0,0,0,0,0,0,0,0,0,0,2,2,2,2,4,9,9,9,10,11,16,16,16,39,70,112,120,139,174,221,227,279,289,305,311,319,323,337,344,353,362,370,376,399,412,422,429,436,439,449,456,467,481,1.02997858672377,1.02412280701754,1.01559020044543,1.02277904328018,1.02321346148375,2.32134614837476,2.99785867237687,0.7,76.7296881679949
"5861","2020-04-18T17:00:00","ITA",19,"Sicilia",82,"Palermo","PA",38.11569725,13.3623567,412,"","","ITG12",1252588,"ITG1",2020-04-18,0,3,3,3,3,3,3,3,3,3,3,5,6,6,6,10,15,26,26,26,33,37,40,47,52,59,63,92,109,170,193,205,218,232,236,253,262,276,282,290,296,299,301,317,329,346,351,363,376,385,391,393,399,404,412,1.01980198019802,1.0125313283208,1.01526717557252,1.00511508951407,1.01586240566839,1.58624056683945,1.98019801980198,0.4,32.8919006089792
"5862","2020-04-18T17:00:00","ITA",19,"Sicilia",88,"Ragusa","RG",36.92509198,14.73069891,69,"","","ITG18",320893,"ITG1",2020-04-18,0,0,0,0,0,0,0,0,0,0,0,1,1,1,1,1,1,2,2,2,4,4,4,6,7,7,8,9,9,9,22,28,32,32,32,35,43,44,45,46,47,48,54,54,56,58,61,64,66,67,67,68,69,69,69,1,1,1.01470588235294,1.01492537313433,1.00487812597778,0.487812597777948,0,-0.5,21.5024946010041
"5863","2020-04-18T17:00:00","ITA",19,"Sicilia",89,"Siracusa","SR",37.05991687,15.29333182,182,"","","ITG19",399224,"ITG1",2020-04-18,0,0,0,0,0,0,0,0,0,0,0,2,2,2,2,2,3,5,5,5,15,21,21,28,33,40,43,49,49,49,64,77,79,84,87,89,93,98,101,106,107,109,111,113,122,124,135,146,148,149,156,158,174,177,182,1.02824858757062,1.01724137931034,1.10126582278481,1.01282051282051,1.04826584017079,4.82658401707892,2.82485875706215,-2,45.5884415766587
"5864","2020-04-18T17:00:00","ITA",19,"Sicilia",81,"Trapani","TP",38.01850065,12.51365684,135,"","","ITG11",430492,"ITG1",2020-04-18,0,0,0,0,0,0,0,0,0,0,0,0,0,0,0,0,2,4,4,4,11,13,14,16,21,27,27,32,42,43,48,49,61,62,71,71,73,75,80,81,94,98,104,109,114,116,120,125,129,131,133,134,135,135,135,1,1,1.00746268656716,1.00751879699248,1.00248139975138,0.248139975138395,0,-0.2,31.3594677717588
"5865","2020-04-18T17:00:00","ITA",9,"Toscana",51,"Arezzo","AR",43.46642752,11.88228844,548,"","","ITE18",342654,"ITE1",2020-04-18,0,0,0,0,0,0,0,1,2,2,5,7,8,9,12,13,14,14,16,27,41,43,71,142,113,124,136,154,201,211,229,249,249,272,284,310,332,343,357,358,370,378,387,396,398,399,403,417,429,453,487,522,530,541,548,1.01293900184843,1.02075471698113,1.01532567049808,1.07186858316222,1.01633453973911,1.63345397391133,1.29390018484288,-0.3,159.928090727089
"5866","2020-04-18T17:00:00","ITA",9,"Toscana",48,"Firenze","FI",43.76923077,11.25588885,2563,"","","ITE14",1011349,"ITE1",2020-04-18,0,1,2,1,7,5,5,4,7,12,20,23,27,39,51,61,71,86,101,132,162,186,214,295,349,401,451,514,548,622,709,764,764,855,957,1022,1087,1158,1419,1543,1626,1715,1769,1805,1871,1961,2069,2154,2259,2269,2311,2372,2443,2494,2563,1.02766639935846,1.02087597216537,1.02993254637437,1.02639549978364,1.02615108141474,2.61510814147388,2.76663993584603,0.2,253.42389224689
"5867","2020-04-18T17:00:00","ITA",9,"Toscana",53,"Grosseto","GR",42.76026758,11.11356398,379,"","","ITE1A",221629,"ITE1",2020-04-18,0,0,0,0,0,0,0,0,0,0,2,2,2,4,6,10,12,16,16,31,38,50,60,68,89,97,106,120,128,140,147,174,174,234,245,251,257,263,264,264,273,277,284,290,290,292,310,323,327,368,368,368,368,376,379,1.00797872340426,1.02173913043478,1,1,1.00986610790809,0.986610790809306,0.797872340425543,-0.2,171.006501856706
"5868","2020-04-18T17:00:00","ITA",9,"Toscana",49,"Livorno","LI",43.55234873,10.3086781,480,"","","ITE16",334832,"ITE1",2020-04-18,0,0,0,0,0,0,0,0,0,3,3,5,6,10,10,14,16,16,27,40,50,53,59,62,62,117,120,130,140,162,179,204,204,220,236,271,280,295,301,307,316,322,323,336,349,353,358,379,398,404,410,415,465,475,480,1.01052631578947,1.02150537634409,1.12048192771084,1.01219512195122,1.04969802533855,4.96980253385457,1.05263157894737,-3.9,143.355473789841
"5869","2020-04-18T17:00:00","ITA",9,"Toscana",46,"Lucca","LU",43.84432283,10.50151366,1165,"","","ITE12",387876,"ITE1",2020-04-18,0,0,0,0,0,1,1,1,3,3,6,8,15,26,31,37,43,49,79,96,130,138,179,205,230,249,307,356,363,387,436,481,481,618,672,711,729,771,802,843,855,872,888,920,954,979,988,1006,1020,1060,1061,1073,1134,1158,1165,1.00604490500864,1.02116402116402,1.05684995340168,1.01131008482564,1.02780028663329,2.78002866332898,0.604490500863553,-2.2,300.353721292372
"5870","2020-04-18T17:00:00","ITA",9,"Toscana",45,"Massa-Carrara","MS",44.03674425,10.14173829,918,"","","ITE11",194878,"ITE1",2020-04-18,0,0,0,0,0,1,3,3,3,4,6,10,16,21,28,37,40,40,65,88,108,117,143,176,200,232,256,281,289,314,330,334,334,470,493,543,561,611,644,644,659,667,698,734,769,790,798,814,855,867,873,881,893,912,918,1.00657894736842,1.02127659574468,1.01362088535755,1.00916380297824,1.01380771285617,1.38077128561709,0.657894736842102,-0.7,471.063947700613
"5871","2020-04-18T17:00:00","ITA",9,"Toscana",50,"Pisa","PI",43.71553206,10.40127259,774,"","","ITE17",419037,"ITE1",2020-04-18,0,0,0,0,0,0,0,0,0,2,5,8,11,17,20,31,34,34,51,62,71,78,101,124,146,180,211,234,266,285,317,350,350,398,432,446,471,491,515,519,527,544,560,584,592,606,613,636,677,694,727,733,750,766,774,1.01044386422977,1.02133333333333,1.02319236016371,1.00825309491059,1.01830762408023,1.8307624080228,1.04438642297651,-0.8,184.709226154254
"5872","2020-04-18T17:00:00","ITA",9,"Toscana",47,"Pistoia","PT",43.933465,10.91734146,554,"","","ITE13",292473,"ITE1",2020-04-18,0,1,0,1,1,1,1,1,1,1,1,1,6,13,16,21,32,43,48,63,79,90,100,122,145,171,181,215,229,243,254,264,264,298,309,324,332,333,346,361,374,394,400,404,450,457,468,490,506,509,513,516,536,547,554,1.0127970749543,1.0205223880597,1.03875968992248,1.00584795321637,1.02396871434717,2.39687143471701,1.27970749542961,-1.1,189.419194250409
"5873","2020-04-18T17:00:00","ITA",9,"Toscana",100,"Prato","PO",43.88062274,11.09703315,457,"","","ITE15",257716,"ITE1",2020-04-18,0,0,0,0,0,0,0,0,0,1,1,1,3,3,5,7,21,25,26,33,42,45,53,59,70,94,111,129,137,159,178,189,189,217,221,248,258,290,291,323,332,338,342,344,345,355,357,370,393,394,404,411,440,449,457,1.01781737193764,1.02045454545455,1.0705596107056,1.01732673267327,1.03599611324129,3.59961132412896,1.78173719376391,-1.8,177.326980086607
"5874","2020-04-18T17:00:00","ITA",9,"Toscana",52,"Siena","SI",43.31816374,11.33190988,399,"","","ITE19",267197,"ITE1",2020-04-18,0,0,0,0,0,3,3,3,3,10,12,14,19,24,29,33,37,41,41,58,60,66,73,77,78,128,133,144,160,176,193,216,216,235,273,286,301,312,334,337,339,340,350,360,361,360,363,369,371,372,373,375,384,392,399,1.01785714285714,1.02083333333333,1.024,1.00536193029491,1.02089374440029,2.08937444002926,1.78571428571428,-0.3,149.328023892484
"5875","2020-04-18T17:00:00","ITA",4,"Trentino Alto Adige / Südtirol",22,"Trento","TN",46.06893511,11.12123097,3431,"","","ITD20",541098,"ITDA",2020-04-18,0,0,0,0,0,0,0,0,4,5,7,10,14,23,33,52,77,107,163,206,378,378,385,455,523,642,782,954,1023,1110,1222,1297,1391,1505,1594,1682,1746,1870,2003,2109,2220,2285,2348,2476,2602,2708,2816,2970,3053,3126,3141,3220,3294,3376,3431,1.01629146919431,1.02489374620522,1.02298136645963,1.02515122572429,1.02138219328068,2.13821932806757,1.62914691943128,-0.5,634.08107219025
"5876","2020-04-18T17:00:00","ITA",10,"Umbria",54,"Perugia","PG",43.10675841,12.38824698,972,"","","ITE21",656382,"ITE2",2020-04-18,0,0,0,0,0,0,2,1,1,6,6,10,15,15,12,13,26,37,47,47,86,104,129,164,236,280,329,376,424,472,523,600,658,729,775,792,813,822,844,884,905,925,929,933,941,947,950,952,956,956,957,958,963,967,972,1.00517063081696,1.00415368639668,1.00521920668058,1.00104493207941,1.00484772119331,0.484772119331378,0.517063081695968,0,148.084499574943
"5877","2020-04-18T17:00:00","ITA",10,"Umbria",55,"Terni","TR",42.56071258,12.6466875,325,"","","ITE22",225633,"ITE2",2020-04-18,0,0,0,0,0,0,0,1,1,3,3,6,9,11,16,24,18,25,29,29,57,60,63,74,84,97,115,128,134,155,163,178,195,213,218,226,230,236,246,257,263,275,284,288,303,305,306,310,316,317,317,317,318,322,325,1.00931677018634,1.0125786163522,1.00315457413249,1,1.00834240837698,0.834240837698474,0.931677018633548,0.1,144.039214122048
"5878","2020-04-18T17:00:00","ITA",2,"Valle d'Aosta / Vallée d'Aoste",7,"Valle d'Aosta / Vallée d'Aoste","AO",45.73750286,7.320149366,1073,"","","ITC20",125666,"ITC2",2020-04-18,0,0,0,0,0,0,0,0,0,0,2,7,8,9,15,17,20,27,28,42,57,105,136,165,215,264,313,364,393,400,401,408,452,511,584,584,628,631,668,719,748,782,805,835,850,868,879,902,921,927,947,958,971,993,1073,1.08056394763343,1.0226570545829,1.01356993736952,1.01161562829989,1.03851172530505,3.85117253050495,8.05639476334341,4.2,853.850683558003
"5879","2020-04-18T17:00:00","ITA",5,"Veneto",25,"Belluno","BL",46.13837528,12.21704167,835,"","","ITD33",202950,"ITD3",2020-04-18,0,0,0,0,0,0,0,3,5,7,7,7,11,23,29,29,30,48,59,78,82,101,109,140,150,195,212,226,254,273,298,313,329,367,396,423,430,460,487,499,522,538,558,577,602,620,649,653,664,686,698,723,755,807,835,1.03469640644362,1.06887417218543,1.04426002766252,1.03581661891117,1.04917852507539,4.9178525075388,3.46964064436184,-1.4,411.431387041143
"5880","2020-04-18T17:00:00","ITA",5,"Veneto",28,"Padova","PD",45.40692987,11.87608718,3633,"","","ITD36",937908,"ITD3",2020-04-18,0,30,40,59,68,81,105,135,144,162,175,198,216,255,273,296,373,439,523,611,658,715,781,882,924,1026,1155,1277,1371,1464,1636,1777,1891,2009,2124,2188,2264,2368,2489,2553,2632,2744,2863,2965,3056,3134,3206,3250,3310,3354,3407,3450,3537,3591,3633,1.01169590643275,1.01526717557252,1.02521739130435,1.01262107425888,1.01737743498844,1.73774349884395,1.16959064327486,-0.6,387.351424659988
"5881","2020-04-18T17:00:00","ITA",5,"Veneto",29,"Rovigo","RO",45.07107289,11.79007,306,"","","ITD37",234937,"ITD3",2020-04-18,0,0,0,0,0,0,0,0,1,4,5,5,5,5,7,10,14,13,16,27,27,27,28,33,52,67,68,76,80,82,87,110,122,122,125,131,136,140,152,180,184,186,203,218,232,249,271,274,280,280,287,291,297,301,306,1.01661129568106,1.01346801346801,1.02061855670103,1.01393728222997,1.01689507934671,1.68950793467062,1.66112956810631,0,130.247683421513
"5882","2020-04-18T17:00:00","ITA",5,"Veneto",26,"Treviso","TV",45.66754571,12.24507363,2300,"","","ITD34",887806,"ITD3",2020-04-18,0,1,2,22,23,35,43,72,82,86,89,103,110,126,136,158,185,279,327,376,413,452,502,591,637,719,806,935,999,1091,1177,1254,1310,1359,1402,1449,1522,1554,1606,1657,1687,1712,1726,1738,1863,1906,1944,1973,1983,1983,2032,2033,2135,2237,2300,1.02816271792579,1.04777517564403,1.05017215937039,1.00049212598425,1.04198984343076,4.19898434307575,2.81627179257935,-1.4,259.065606675332
"5883","2020-04-18T17:00:00","ITA",5,"Veneto",27,"Venezia","VE",45.43490485,12.33845213,2116,"","","ITD35",853338,"ITD3",2020-04-18,0,7,8,14,15,19,24,48,48,59,73,85,100,126,130,152,179,205,248,282,328,356,378,426,475,574,666,732,799,837,874,920,955,1019,1067,1107,1170,1231,1293,1321,1362,1425,1487,1543,1630,1751,1780,1883,1957,1983,2008,2013,2036,2096,2116,1.00954198473282,1.0294695481336,1.01142573273721,1.00249003984064,1.01677290083091,1.67729008309052,0.954198473282442,-0.7,247.967393928314
"5884","2020-04-18T17:00:00","ITA",5,"Veneto",23,"Verona","VR",45.43839046,10.99352685,3880,"","","ITD31",926497,"ITD3",2020-04-18,0,0,0,0,0,0,2,8,17,21,25,42,52,63,73,96,110,150,210,275,335,425,481,626,686,784,954,1046,1099,1228,1304,1402,1645,1754,1876,1982,2112,2287,2405,2488,2547,2688,2755,2856,2920,3049,3257,3402,3495,3547,3572,3649,3730,3805,3880,1.01971090670171,1.0201072386059,1.02219786242806,1.02155655095185,1.02067141974505,2.0671419745051,1.97109067017083,-0.1,418.781712191189
"5885","2020-04-18T17:00:00","ITA",5,"Veneto",24,"Vicenza","VI",45.547497,11.54597109,2296,"","","ITD32",862418,"ITD3",2020-04-18,0,0,0,3,3,3,3,3,5,10,19,24,37,50,53,73,92,122,141,164,235,287,325,393,424,518,572,631,691,744,824,899,966,1036,1104,1168,1242,1327,1434,1514,1608,1647,1704,1734,1782,1885,1953,2009,2055,2080,2089,2136,2170,2200,2296,1.04363636363636,1.01382488479263,1.01591760299625,1.02249880325515,1.02437006450877,2.4370064508775,4.36363636363637,1.9,266.228209522529
