"","data","stato","codice_regione","denominazione_regione","codice_provincia","denominazione_provincia","sigla_provincia","lat","long","totale_casi","note_it","note_en","territory_code","population","regional_territory_code","dt","total_cases_2020-02-24","total_cases_2020-02-25","total_cases_2020-02-26","total_cases_2020-02-27","total_cases_2020-02-28","total_cases_2020-02-29","total_cases_2020-03-01","total_cases_2020-03-02","total_cases_2020-03-03","total_cases_2020-03-04","total_cases_2020-03-05","total_cases_2020-03-06","total_cases_2020-03-07","total_cases_2020-03-08","total_cases_2020-03-09","total_cases_2020-03-10","total_cases_2020-03-11","total_cases_2020-03-12","total_cases_2020-03-13","total_cases_2020-03-14","total_cases_2020-03-15","total_cases_2020-03-16","total_cases_2020-03-17","total_cases_2020-03-18","total_cases_2020-03-19","total_cases_2020-03-20","total_cases_2020-03-21","total_cases_2020-03-22","total_cases_2020-03-23","total_cases_2020-03-24","total_cases_2020-03-25","total_cases_2020-03-26","total_cases_2020-03-27","total_cases_2020-03-28","total_cases_2020-03-29","total_cases_2020-03-30","total_cases_2020-03-31","total_cases_2020-04-01","total_cases_2020-04-02","total_cases_2020-04-03","total_cases_2020-04-04","total_cases_2020-04-05","total_cases_2020-04-06","total_cases_2020-04-07","total_cases_2020-04-08","total_cases_2020-04-09","total_cases_2020-04-10","total_cases_2020-04-11","total_cases_2020-04-12","total_cases_2020-04-13","total_cases_2020-04-14","current_rate","yesterdays_rate","rate_two_days_before","rate_three_days_before","cubic_rate","cubic_perc_rate","current_perc_rate","trend"
"5351","2020-04-14T17:00:00","ITA",13,"Abruzzo",69,"Chieti","CH",42.35103167,14.16754574,469,"","","ITF14",385588,"ITF1",2020-04-14,0,0,0,0,0,0,0,0,0,0,2,3,4,4,7,9,9,20,23,25,30,38,41,44,69,80,91,102,129,133,146,175,189,229,266,273,280,292,299,310,317,325,327,343,361,369,392,441,452,465,469,1.00860215053763,1.0287610619469,1.0249433106576,1.125,1.02073126578467,2.07312657846652,0.860215053763436,-1.2
"5352","2020-04-14T17:00:00","ITA",13,"Abruzzo",66,"L'Aquila","AQ",42.35122196,13.39843823,228,"","","ITF11",299031,"ITF1",2020-04-14,0,0,0,0,0,0,0,0,1,1,1,1,1,1,5,6,6,8,9,13,15,18,19,20,25,29,31,38,40,47,60,64,75,88,101,115,123,128,140,166,174,179,183,189,197,199,213,218,220,220,228,1.03636363636364,1,1.00917431192661,1.02347417840376,1.01506250179575,1.50625017957464,3.63636363636364,2.1
"5353","2020-04-14T17:00:00","ITA",13,"Abruzzo",68,"Pescara","PE",42.46458398,14.21364822,947,"","","ITF13",318909,"ITF1",2020-04-14,0,0,0,0,0,0,0,0,1,1,1,1,2,8,14,18,18,48,48,65,82,101,138,160,223,259,302,334,370,369,412,445,476,512,576,594,622,631,646,669,700,727,728,756,771,805,838,869,889,930,947,1.01827956989247,1.04611923509561,1.02301495972382,1.03699284009547,1.02906640603883,2.90664060388266,1.82795698924731,-1.1
"5354","2020-04-14T17:00:00","ITA",13,"Abruzzo",67,"Teramo","TE",42.6589177,13.70439971,601,"","","ITF12",308052,"ITF1",2020-04-14,0,0,0,1,1,2,5,5,3,3,4,4,4,4,4,5,5,8,9,9,10,19,31,39,68,81,105,113,124,140,195,262,277,304,350,363,376,385,412,418,437,472,483,511,530,558,571,592,599,598,601,1.00501672240803,0.998330550918197,1.01182432432432,1.03677758318739,1.00504210204642,0.504210204641553,0.501672240802686,0
"5355","2020-04-14T17:00:00","ITA",17,"Basilicata",77,"Matera","MT",40.66751177,16.59792442,155,"","","ITF52",197909,"ITF5",2020-04-14,0,0,0,0,0,0,0,0,0,0,0,1,1,2,3,3,3,3,3,3,4,4,4,5,7,9,8,16,18,25,36,48,53,76,84,92,104,114,118,124,125,136,143,144,145,146,147,151,153,155,155,1,1.01307189542484,1.01324503311258,1.02721088435374,1.0087531803578,0.87531803578027,0,-0.9
"5356","2020-04-14T17:00:00","ITA",17,"Basilicata",76,"Potenza","PZ",40.63947052,15.80514834,164,"","","ITF51",364960,"ITF5",2020-04-14,0,0,0,0,0,0,0,0,1,1,1,2,2,2,2,4,5,5,7,7,7,8,16,22,30,43,58,65,72,67,70,86,98,106,118,122,122,123,128,137,139,142,144,147,152,157,161,161,162,164,164,1,1.01234567901235,1.00621118012422,1,1.00617299583747,0.617299583747277,0,-0.6
"5357","2020-04-14T17:00:00","ITA",4,"Trentino Alto Adige / Südtirol",21,"Bolzano / Bozen","BZ",46.49933453,11.35662422,2184,"","","ITD10",531178,"ITDA",2020-04-14,0,1,1,1,1,1,1,1,1,1,1,4,9,9,9,38,75,104,125,173,204,241,291,376,436,548,621,678,724,781,858,906,1003,1109,1214,1325,1371,1418,1479,1559,1592,1644,1722,1811,1835,1903,1955,1957,2098,2149,2184,1.01628664495114,1.02430886558627,1.07204905467552,1.00102301790281,1.03725913778962,3.72591377896208,1.62866449511401,-2.1
"5358","2020-04-14T17:00:00","ITA",18,"Calabria",79,"Catanzaro","CZ",38.90597598,16.59440194,184,"","","ITF63",358316,"ITF6",2020-04-14,0,0,0,0,0,0,0,0,0,0,1,2,2,2,3,3,2,3,3,5,6,6,14,20,27,34,38,45,46,49,51,53,115,118,123,134,139,140,146,150,150,157,158,162,169,173,176,181,182,183,184,1.00546448087432,1.00549450549451,1.00552486187845,1.02840909090909,1.00549461578026,0.549461578026023,0.546448087431695,0
"5359","2020-04-14T17:00:00","ITA",18,"Calabria",78,"Cosenza","CS",39.29308681,16.25609692,317,"","","ITF61",705753,"ITF6",2020-04-14,0,0,0,0,1,1,1,1,1,1,1,1,1,1,4,6,5,8,10,15,17,17,27,31,38,45,50,63,68,84,99,107,128,154,171,184,186,188,194,203,204,230,243,254,266,275,289,291,291,295,317,1.07457627118644,1.01374570446735,1,1.00692041522491,1.028936936632,2.89369366319994,7.45762711864406,4.6
"5360","2020-04-14T17:00:00","ITA",18,"Calabria",101,"Crotone","KR",39.08036878,17.12538864,117,"","","ITF62",174980,"ITF6",2020-04-14,0,0,0,0,0,0,0,0,0,0,0,0,0,0,0,0,1,6,7,5,17,17,21,23,39,45,50,61,62,66,71,80,80,87,90,93,93,94,94,106,106,109,111,112,113,113,113,113,117,117,117,1,1,1.0353982300885,1,1.01166285894778,1.16628589477787,0,-1.2
"5361","2020-04-14T17:00:00","ITA",18,"Calabria",80,"Reggio di Calabria","RC",38.10922769,15.6434527,268,"","","ITF65",548009,"ITF6",2020-04-14,0,0,0,0,0,0,0,0,0,0,0,1,1,1,2,3,6,11,13,18,22,22,46,47,57,73,84,88,94,97,105,123,140,155,189,190,195,201,207,218,222,237,243,243,248,250,256,260,263,263,268,1.01901140684411,1,1.01153846153846,1.015625,1.01015297841924,1.01529784192362,1.90114068441065,0.9
"5362","2020-04-14T17:00:00","ITA",18,"Calabria",102,"Vibo Valentia","VV",38.67624147,16.10157414,68,"","","ITF64",160073,"ITF6",2020-04-14,0,0,0,0,0,0,0,0,0,0,0,0,0,0,2,1,5,5,5,17,6,6,6,8,8,8,11,14,20,21,23,28,29,39,39,44,44,44,48,54,57,60,60,60,61,61,65,68,68,68,68,1,1,1,1.04615384615385,1,0,0,0
"5363","2020-04-14T17:00:00","ITA",15,"Campania",64,"Avellino","AV",40.91404699,14.79528803,402,"","","ITF34",418306,"ITF3",2020-04-14,0,0,0,0,0,0,0,0,0,0,0,0,0,3,3,3,7,12,14,19,37,49,56,56,88,97,124,132,145,155,172,180,182,193,208,220,226,258,290,340,351,355,373,375,378,379,397,399,400,401,402,1.00249376558603,1.0025,1.00250626566416,1.00503778337531,1.00250001040374,0.250001040374315,0.249376558603487,0
"5364","2020-04-14T17:00:00","ITA",15,"Campania",62,"Benevento","BN",41.12969987,14.78151683,157,"","","ITF32",277018,"ITF3",2020-04-14,0,0,0,0,0,0,0,0,0,0,0,0,0,4,4,4,2,3,3,3,4,4,4,4,8,8,11,13,13,14,14,14,15,21,21,70,76,81,85,85,86,108,108,111,133,145,149,152,156,156,157,1.00641025641026,1,1.02631578947368,1.02013422818792,1.01084683310202,1.08468331020233,0.641025641025639,-0.4
"5365","2020-04-14T17:00:00","ITA",15,"Campania",61,"Caserta","CE",41.07465878,14.33240464,387,"","","ITF31",922965,"ITF3",2020-04-14,0,0,0,0,0,0,0,0,0,0,0,0,0,28,32,34,26,29,38,41,45,60,65,65,94,96,106,116,124,152,165,177,179,186,197,206,221,238,255,264,279,300,308,331,349,352,359,368,375,381,387,1.01574803149606,1.016,1.01902173913043,1.02506963788301,1.01692216981957,1.69221698195685,1.5748031496063,-0.1
"5366","2020-04-14T17:00:00","ITA",15,"Campania",63,"Napoli","NA",40.83956555,14.25084984,2010,"","","ITF33",3084890,"ITF3",2020-04-14,0,0,0,3,4,13,17,17,30,17,17,17,17,45,55,61,96,109,140,171,188,219,258,258,358,416,463,504,543,588,626,665,734,827,898,991,1053,1161,1279,1428,1498,1532,1568,1643,1668,1699,1772,1809,1871,1932,2010,1.04037267080745,1.03260288615714,1.0342730790492,1.02088036117381,1.03574416865129,3.57441686512863,4.03726708074534,0.5
"5367","2020-04-14T17:00:00","ITA",15,"Campania",65,"Salerno","SA",40.67821961,14.7594026,557,"","","ITF35",1098513,"ITF3",2020-04-14,0,0,0,0,0,0,0,0,0,0,0,0,0,15,17,17,17,18,20,31,49,57,65,65,92,115,126,157,179,182,220,244,244,307,323,338,341,360,385,400,426,437,462,468,489,499,513,533,536,541,557,1.02957486136784,1.00932835820896,1.00562851782364,1.03898635477583,1.0147895711341,1.47895711341048,2.95748613678373,1.5
"5368","2020-04-14T17:00:00","ITA",8,"Emilia-Romagna",37,"Bologna","BO",44.49436681,11.3417208,3320,"","","ITD55",1014619,"ITD5",2020-04-14,0,0,0,0,0,2,2,3,6,11,19,41,49,62,80,86,108,122,155,195,230,291,333,395,465,552,610,674,833,968,1107,1253,1413,1586,1743,1872,1940,2084,2225,2339,2429,2521,2617,2656,2758,2856,2954,3075,3197,3292,3320,1.00850546780073,1.02971535814826,1.03967479674797,1.04096140825999,1.02588257808684,2.58825780868355,0.850546780072903,-1.7
"5369","2020-04-14T17:00:00","ITA",8,"Emilia-Romagna",38,"Ferrara","FE",44.83599085,11.61868934,635,"","","ITD56",345691,"ITD5",2020-04-14,0,0,0,0,0,0,0,0,0,0,0,1,2,6,7,8,12,17,24,29,34,44,58,64,78,102,123,150,172,190,204,212,244,281,300,306,320,326,341,368,474,488,510,522,538,563,566,580,616,618,635,1.02750809061489,1.00324675324675,1.06206896551724,1.02473498233216,1.03065957885856,3.06595788585649,2.75080906148868,-0.3
"5370","2020-04-14T17:00:00","ITA",8,"Emilia-Romagna",40,"Forlì-Cesena","FC",44.22268559,12.04068608,1301,"","","ITD58",394627,"ITD5",2020-04-14,0,0,0,0,0,0,1,1,1,2,4,3,7,15,16,20,24,33,49,62,78,103,144,171,227,250,269,329,380,437,454,513,580,612,642,683,730,756,789,866,924,977,1015,1034,1058,1081,1099,1163,1211,1245,1301,1.04497991967871,1.0280759702725,1.04127257093723,1.0582347588717,1.03808407163437,3.80840716343711,4.49799196787148,0.7
"5371","2020-04-14T17:00:00","ITA",8,"Emilia-Romagna",36,"Modena","MO",44.64600009,10.92615487,3180,"","","ITD54",705393,"ITD5",2020-04-14,0,3,8,18,18,22,24,29,33,41,45,73,82,97,116,127,163,190,251,306,367,440,460,575,663,767,906,1010,1155,1354,1533,1676,1772,1922,2094,2137,2222,2297,2416,2498,2551,2609,2691,2758,2811,2867,2930,3011,3087,3132,3180,1.01532567049808,1.01457725947522,1.02524078379276,1.02764505119454,1.01836966656225,1.83696665622493,1.53256704980842,-0.3
"5372","2020-04-14T17:00:00","ITA",8,"Emilia-Romagna",34,"Parma","PR",44.80107394,10.32834985,2582,"","","ITD52",451631,"ITD5",2020-04-14,0,4,8,10,27,35,59,61,84,115,150,181,229,276,279,325,378,430,518,570,662,707,800,800,869,979,1014,1209,1364,1435,1525,1611,1690,1752,1809,1859,1933,2005,2049,2083,2201,2275,2317,2365,2395,2421,2473,2512,2531,2573,2582,1.00349786241741,1.01659423152904,1.00756369426752,1.01577031945006,1.00920377793523,0.920377793522875,0.349786241741157,-0.6
"5373","2020-04-14T17:00:00","ITA",8,"Emilia-Romagna",33,"Piacenza","PC",45.05193462,9.692632596,3167,"","","ITD51",287152,"ITD5",2020-04-14,0,18,28,63,89,138,174,212,256,319,378,426,479,528,602,633,664,679,710,853,1012,1073,1204,1340,1428,1575,1693,1765,1885,1981,2122,2213,2276,2390,2475,2516,2635,2716,2765,2811,2842,2892,2936,2953,2980,3020,3049,3063,3100,3138,3167,1.00924155513066,1.01225806451613,1.0120796604636,1.0045916693998,1.01119214855949,1.1192148559485,0.924155513065639,-0.2
"5374","2020-04-14T17:00:00","ITA",8,"Emilia-Romagna",39,"Ravenna","RA",44.41722493,12.19913936,880,"","","ITD57",389456,"ITD5",2020-04-14,0,0,0,0,1,1,2,2,2,2,3,8,10,13,19,24,31,41,55,78,100,114,124,153,185,213,287,309,342,368,387,451,488,521,553,568,580,605,627,656,688,708,728,738,746,751,776,789,801,827,880,1.06408706166868,1.03245942571785,1.01520912547529,1.01675257731959,1.03705523861881,3.70552386188061,6.40870616686819,2.7
"5375","2020-04-14T17:00:00","ITA",8,"Emilia-Romagna",35,"Reggio nell'Emilia","RE",44.69735289,10.63007973,3947,"","","ITD53",531891,"ITD5",2020-04-14,0,0,0,0,1,4,7,8,14,20,31,44,48,70,103,104,114,123,138,153,185,241,299,414,608,773,977,1167,1369,1437,1586,1698,1861,1996,2146,2208,2307,2553,2665,2800,2908,3066,3167,3215,3352,3505,3630,3765,3849,3888,3947,1.01517489711934,1.01013250194856,1.02231075697211,1.03719008264463,1.01586044097499,1.58604409749927,1.51748971193415,-0.1
"5376","2020-04-14T17:00:00","ITA",8,"Emilia-Romagna",99,"Rimini","RN",44.06090087,12.5656295,1740,"","","ITD59",339017,"ITD5",2020-04-14,0,1,3,6,9,15,16,19,24,33,68,93,104,113,164,206,245,312,363,398,425,509,509,613,691,757,826,942,1035,1084,1136,1189,1264,1323,1357,1382,1407,1445,1456,1511,1523,1553,1575,1584,1596,1613,1651,1677,1706,1727,1740,1.00752750434279,1.01230949589683,1.01729278473465,1.01574803149606,1.01236874476488,1.23687447648801,0.752750434279092,-0.5
"5377","2020-04-14T17:00:00","ITA",6,"Friuli-Venezia Giulia",31,"Gorizia","GO",45.94149817,13.62212502,129,"","","ITD43",139403,"ITD4",2020-04-14,0,0,0,0,0,0,0,0,3,5,5,6,6,6,6,10,12,12,20,20,31,16,18,25,28,30,38,44,55,57,65,75,79,85,91,91,98,106,110,111,115,116,119,119,121,120,121,121,123,127,129,1.01574803149606,1.03252032520325,1.01652892561983,1,1.02156995912102,2.1569959121019,1.5748031496063,-0.6
"5378","2020-04-14T17:00:00","ITA",6,"Friuli-Venezia Giulia",93,"Pordenone","PN",45.95443546,12.66002909,551,"","","ITD41",312533,"ITD4",2020-04-14,0,0,0,0,0,0,0,0,0,0,0,0,2,2,2,4,13,13,31,45,42,54,54,76,97,114,144,165,170,201,277,295,332,362,368,383,405,419,441,452,461,470,477,480,497,513,520,529,539,547,551,1.0073126142596,1.01484230055659,1.01890359168242,1.01730769230769,1.01367478184865,1.36747818486538,0.731261425959784,-0.6
"5379","2020-04-14T17:00:00","ITA",6,"Friuli-Venezia Giulia",32,"Trieste","TS",45.6494354,13.76813649,945,"","","ITD44",234493,"ITD4",2020-04-14,0,0,0,0,0,0,6,9,2,5,5,7,11,25,25,53,57,57,131,148,140,164,177,180,208,216,270,297,320,329,355,385,411,452,476,494,545,575,598,629,651,670,708,733,763,821,857,872,890,916,945,1.03165938864629,1.02921348314607,1.02064220183486,1.01750291715286,1.02716081023393,2.716081023393,3.16593886462881,0.4
"5380","2020-04-14T17:00:00","ITA",6,"Friuli-Venezia Giulia",30,"Udine","UD",46.06255516,13.2348383,890,"","","ITD42",528791,"ITD4",2020-04-14,0,0,0,0,0,0,0,0,8,8,11,18,23,24,24,26,44,44,75,88,129,152,145,181,266,296,338,361,385,405,431,460,487,530,536,524,536,576,641,681,754,786,793,813,830,839,845,865,873,884,890,1.00678733031674,1.01260022909507,1.00924855491329,1.02366863905325,1.00954256124289,0.954256124288766,0.678733031674206,-0.3
"5381","2020-04-14T17:00:00","ITA",12,"Lazio",60,"Frosinone","FR",41.63964569,13.35117161,473,"","","ITE45",489083,"ITE4",2020-04-14,0,0,0,0,0,0,0,0,0,1,1,1,1,2,2,6,8,18,28,28,34,44,49,54,48,52,59,78,82,97,106,156,191,232,252,290,321,329,334,354,364,369,374,401,425,441,463,469,473,472,473,1.0021186440678,0.997885835095137,1.00852878464819,1.01295896328294,1.00283488405422,0.283488405421584,0.211864406779672,-0.1
"5382","2020-04-14T17:00:00","ITA",12,"Lazio",59,"Latina","LT",41.46759465,12.90368482,410,"","","ITE44",575254,"ITE4",2020-04-14,0,0,0,0,0,0,0,0,0,0,0,2,2,6,6,11,11,11,15,20,23,23,23,23,23,115,136,146,159,182,198,206,212,215,239,254,257,272,280,304,318,336,349,356,364,377,384,387,398,404,410,1.01485148514851,1.01507537688442,1.02842377260982,1.0078125,1.01943051785985,1.94305178598533,1.48514851485149,-0.5
"5383","2020-04-14T17:00:00","ITA",12,"Lazio",57,"Rieti","RI",42.40488444,12.86205939,276,"","","ITE42",155503,"ITE4",2020-04-14,0,0,0,0,0,0,0,0,0,0,0,0,0,0,0,1,3,2,3,3,4,11,12,12,18,18,24,24,31,33,39,41,43,62,76,105,132,193,188,188,188,189,266,268,269,269,270,273,276,276,276,1,1,1.01098901098901,1.01111111111111,1.00364966738636,0.364966738636174,0,-0.4
"5384","2020-04-14T17:00:00","ITA",12,"Lazio",58,"Roma","RM",41.89277044,12.48366722,3560,"","","ITE43",4342212,"ITE4",2020-04-14,0,3,3,3,3,6,6,7,14,29,42,49,71,77,91,76,99,162,218,288,354,412,486,590,678,755,893,1049,1171,1287,1428,1567,1703,1839,1945,2068,2186,2260,2393,2503,2620,2714,2769,2830,2910,3026,3114,3219,3315,3431,3560,1.03759836782279,1.03499245852187,1.02982292637465,1.03371868978805,1.03413286522707,3.41328652270727,3.75983678227922,0.3
"5385","2020-04-14T17:00:00","ITA",12,"Lazio",56,"Viterbo","VT",42.4173828,12.10473416,326,"","","ITE41",317030,"ITE4",2020-04-14,0,0,0,0,0,0,0,0,0,0,0,2,2,2,2,5,10,5,10,13,15,27,31,39,50,63,72,82,93,121,122,122,124,144,179,181,181,193,219,226,240,243,243,262,263,278,304,313,316,318,326,1.0251572327044,1.00632911392405,1.00958466453674,1.02960526315789,1.01365714863315,1.36571486331478,2.51572327044025,1.2
"5386","2020-04-14T17:00:00","ITA",7,"Liguria",10,"Genova","GE",44.41149314,8.9326992,3472,"","","ITC33",841180,"ITC3",2020-04-14,0,0,0,0,0,0,1,1,1,1,1,9,15,25,38,42,63,92,128,231,274,274,330,378,488,527,561,677,689,696,782,762,817,879,1026,1069,1095,1108,1153,1180,1312,1924,2002,2157,2785,2849,2918,2932,3086,3086,3472,1.1250810110175,1,1.0525238744884,1.00479780671693,1.05796650159311,5.79665015931139,12.5081011017498,6.7
"5387","2020-04-14T17:00:00","ITA",7,"Liguria",8,"Imperia","IM",43.88570648,8.027850298,979,"","","ITC31",213840,"ITC3",2020-04-14,0,0,0,0,0,0,1,1,2,2,2,3,7,10,11,15,18,32,41,64,78,78,76,101,117,145,155,168,160,186,177,211,214,236,234,243,234,226,220,223,224,586,592,667,799,831,899,881,882,882,979,1.10997732426304,1,1.0011350737798,0.979977753058954,1.03578335537028,3.57833553702769,10.9977324263039,7.4
"5388","2020-04-14T17:00:00","ITA",7,"Liguria",11,"La Spezia","SP",44.10704991,9.8281897,660,"","","ITC34",219556,"ITC3",2020-04-14,0,0,1,1,1,1,1,1,1,1,1,1,5,11,15,15,19,26,37,52,60,60,65,83,88,90,94,99,110,104,137,149,213,234,233,234,248,245,250,323,341,445,450,463,605,619,629,629,670,670,660,0.985074626865672,1,1.06518282988871,1,1.01616546258682,1.61654625868237,-1.49253731343284,-3.1
"5389","2020-04-14T17:00:00","ITA",7,"Liguria",9,"Savona","SV",44.30750461,8.481108654,697,"","","ITC32",276064,"ITC3",2020-04-14,0,1,10,18,18,41,19,16,20,19,20,15,19,25,35,38,42,52,62,87,96,96,100,126,131,162,173,175,185,204,210,209,223,219,239,249,249,251,245,264,261,734,695,509,654,656,686,771,797,797,697,0.874529485570891,1,1.0337224383917,1.12390670553936,0.966925024235704,-3.30749757642961,-12.5470514429109,-9.2
"5390","2020-04-14T17:00:00","ITA",3,"Lombardia",16,"Bergamo","BG",45.69441368,9.668424528,10426,"","","ITC46",1114590,"ITC4",2020-04-14,0,18,20,72,103,110,209,243,372,423,537,623,761,997,1245,1472,1815,2136,2368,2864,3416,3760,3993,4305,4645,5154,5869,6216,6471,6728,7072,7458,8060,8349,8527,8664,8803,9039,9171,9315,9588,9712,9815,9868,9931,10043,10151,10258,10309,10391,10426,1.00336829948994,1.0079542147638,1.00497172938195,1.01054083341543,1.00542961970456,0.542961970456313,0.336829948994333,-0.2
"5391","2020-04-14T17:00:00","ITA",3,"Lombardia",17,"Brescia","BS",45.53993052,10.21910323,11093,"","","ITC47",1265954,"ITC4",2020-04-14,0,0,2,10,13,14,49,60,86,127,155,182,413,501,739,790,1351,1598,1784,2122,2473,2918,3300,3784,4247,4648,5028,5317,5905,6298,6597,6931,7305,7678,8013,8213,8367,8598,8757,9014,9180,9340,9477,9594,9909,10122,10369,10599,10868,11058,11093,1.00316512931814,1.01748251748252,1.02537975280687,1.02218150255569,1.01530074987929,1.53007498792936,0.316512931814072,-1.2
"5392","2020-04-14T17:00:00","ITA",3,"Lombardia",13,"Como","CO",45.8099912,9.085159546,2106,"","","ITC42",599204,"ITC4",2020-04-14,0,0,0,0,0,1,2,2,4,5,11,11,23,27,40,46,77,98,118,154,184,220,256,286,338,380,452,512,581,635,706,762,816,903,1014,1061,1101,1157,1205,1256,1319,1384,1473,1525,1542,1605,1686,1825,1924,2015,2106,1.04516129032258,1.0472972972973,1.05424657534247,1.08244365361803,1.04889455927229,4.8894559272286,4.51612903225806,-0.4
"5393","2020-04-14T17:00:00","ITA",3,"Lombardia",19,"Cremona","CR",45.13336675,10.02420865,5172,"","","ITC4A",358955,"ITC4",2020-04-14,0,53,57,91,123,136,214,223,287,333,406,452,562,665,916,957,1061,1302,1344,1565,1792,1881,2073,2167,2286,2392,2733,2895,2925,3061,3156,3370,3496,3605,3762,3788,3869,3941,3974,4097,4154,4233,4260,4323,4422,4489,4562,4658,4721,4945,5172,1.04590495449949,1.04744757466638,1.01352511807643,1.02104340201666,1.03550693231152,3.55069323115191,4.59049544994945,1
"5394","2020-04-14T17:00:00","ITA",3,"Lombardia",97,"Lecco","LC",45.85575781,9.393392246,1970,"","","ITC43",337380,"ITC4",2020-04-14,0,0,0,0,0,0,2,3,4,5,8,11,35,53,66,89,113,199,237,287,344,386,440,466,530,676,818,872,934,1015,1076,1159,1210,1316,1381,1437,1470,1516,1552,1594,1628,1678,1712,1731,1755,1805,1838,1860,1881,1911,1970,1.03087388801675,1.01594896331738,1.01129032258065,1.01196953210011,1.01933693447736,1.9336934477362,3.08738880167452,1.2
"5395","2020-04-14T17:00:00","ITA",3,"Lombardia",98,"Lodi","LO",45.31440693,9.503720769,2569,"","","ITC49",230198,"ITC4",2020-04-14,0,125,128,159,182,237,344,384,482,559,658,739,811,853,928,963,1035,1123,1133,1276,1320,1362,1418,1445,1528,1597,1693,1772,1817,1860,1884,1968,2006,2029,2057,2087,2116,2157,2189,2214,2238,2255,2278,2321,2347,2376,2419,2472,2543,2559,2569,1.00390777647519,1.0062917813606,1.0287216828479,1.02190988011575,1.0129123802123,1.29123802122999,0.390777647518559,-0.9
"5396","2020-04-14T17:00:00","ITA",3,"Lombardia",20,"Mantova","MN",45.15726772,10.79277363,2631,"","","ITC4B",412292,"ITC4",2020-04-14,0,0,0,0,0,1,4,5,15,22,26,32,46,56,102,119,137,169,187,261,339,382,465,514,636,723,842,905,985,1093,1176,1250,1398,1484,1550,1617,1688,1736,1782,1884,1981,2044,2084,2142,2216,2277,2355,2411,2486,2571,2631,1.02333722287048,1.03419147224457,1.03110742430527,1.02377919320594,1.02953523023074,2.95352302307412,2.33372228704785,-0.6
"5397","2020-04-14T17:00:00","ITA",3,"Lombardia",15,"Milano","MI",45.46679409,9.190347404,14350,"","","ITC45",3250315,"ITC4",2020-04-14,0,8,8,15,29,30,46,58,93,145,197,267,361,406,506,592,925,1146,1307,1551,1750,1983,2326,2644,3278,3804,4672,5096,5326,5701,6074,6922,7469,7783,8329,8676,8911,9522,10004,10391,10819,11230,11538,11787,12039,12479,12748,13268,13680,14161,14350,1.01334651507662,1.03516081871345,1.03105215556226,1.04079071226859,1.0264760310567,2.6476031056698,1.3346515076619,-1.3
"5398","2020-04-14T17:00:00","ITA",3,"Lombardia",108,"Monza e della Brianza","MB",45.58439043,9.273582472,3821,"","","IT108",873935,"IT10",2020-04-14,0,3,4,5,6,6,6,8,9,11,19,20,61,59,64,65,85,130,143,224,327,346,376,401,495,816,1084,1108,1130,1454,1587,1750,1948,2086,2265,2362,2462,2543,2633,2774,2935,3046,3157,3206,3264,3355,3424,3575,3639,3720,3821,1.02715053763441,1.02225886232481,1.0179020979021,1.04410046728972,1.02243018796281,2.24301879628144,2.71505376344086,0.5
"5399","2020-04-14T17:00:00","ITA",3,"Lombardia",18,"Pavia","PV",45.18509264,9.160157191,3246,"","","ITC48",545888,"ITC4",2020-04-14,0,27,27,36,49,55,78,83,122,126,151,180,221,243,296,324,403,468,482,622,722,801,884,978,1011,1105,1194,1306,1444,1499,1578,1685,1712,1877,1974,2036,2133,2180,2285,2331,2499,2619,2700,2735,2823,2889,2963,3049,3133,3193,3246,1.01659880989665,1.01915097350782,1.02755001639882,1.02902463719204,1.02108923369688,2.10892336968806,1.6598809896649,-0.4
"5400","2020-04-14T17:00:00","ITA",3,"Lombardia",14,"Sondrio","SO",46.17099261,9.87147489,849,"","","ITC44",181095,"ITC4",2020-04-14,0,1,3,3,3,3,3,3,3,4,4,4,6,6,7,7,13,23,23,45,45,46,74,75,155,163,179,205,208,253,284,325,362,388,422,446,470,484,517,537,563,591,614,620,636,654,661,684,720,796,849,1.06658291457286,1.10555555555556,1.05263157894737,1.03479576399395,1.07469162098863,7.46916209886301,6.65829145728642,-0.8
"5401","2020-04-14T17:00:00","ITA",3,"Lombardia",12,"Varese","VA",45.81701677,8.822868344,1813,"","","ITC41",890768,"ITC4",2020-04-14,0,0,0,0,3,4,4,4,7,11,17,23,27,32,44,50,75,98,125,158,184,202,234,265,310,338,359,386,421,450,468,502,711,768,812,866,893,937,1002,1085,1148,1191,1293,1326,1348,1491,1589,1633,1663,1711,1813,1.05961426066628,1.02886349969934,1.01837109614207,1.02769037130271,1.03546925032585,3.54692503258485,5.96142606662771,2.4
"5402","2020-04-14T17:00:00","ITA",11,"Marche",42,"Ancona","AN",43.61675973,13.5188753,1629,"","","ITE32",471228,"ITE3",2020-04-14,0,0,0,0,0,0,1,2,5,9,19,23,38,54,63,81,110,142,158,215,267,323,356,403,447,513,564,676,702,751,820,869,905,944,1019,1060,1116,1174,1211,1263,1290,1356,1401,1429,1455,1481,1501,1547,1590,1605,1629,1.01495327102804,1.00943396226415,1.02779573367809,1.03064623584277,1.01736530650863,1.73653065086332,1.49532710280373,-0.2
"5403","2020-04-14T17:00:00","ITA",11,"Marche",44,"Ascoli Piceno","AP",42.85322304,13.57691127,254,"","","ITE34",207179,"ITE3",2020-04-14,0,0,0,0,0,0,0,0,0,0,0,0,0,0,0,0,1,1,2,7,14,21,23,25,27,43,50,56,61,64,80,111,118,163,179,197,222,224,227,232,233,235,235,235,236,236,237,249,253,254,254,1,1.00395256916996,1.01606425702811,1.05063291139241,1.00664913149066,0.664913149066115,0,-0.7
"5404","2020-04-14T17:00:00","ITA",11,"Marche",109,"Fermo","FM",43.16058534,13.71839535,363,"","","IT109",173800,"IT10",2020-04-14,0,0,0,0,0,0,0,0,0,1,3,3,3,5,5,6,8,11,16,22,36,36,36,46,68,80,82,113,133,139,160,204,233,241,246,246,259,263,284,298,305,308,312,314,334,339,343,354,361,363,363,1,1.00554016620499,1.01977401129944,1.03206997084548,1.00840375533437,0.840375533437165,0,-0.8
"5405","2020-04-14T17:00:00","ITA",11,"Marche",43,"Macerata","MC",43.30023926,13.45307182,837,"","","ITE33",314178,"ITE3",2020-04-14,0,0,0,0,0,0,0,0,1,2,2,7,7,9,9,11,17,32,48,58,94,117,128,160,186,215,238,293,326,368,395,405,411,457,476,477,493,506,533,561,598,614,639,664,714,732,776,801,818,834,837,1.00359712230216,1.01955990220049,1.02122347066167,1.03221649484536,1.01476227625271,1.47622762527109,0.359712230215825,-1.1
"5406","2020-04-14T17:00:00","ITA",11,"Marche",41,"Pesaro e Urbino","PU",43.91014021,12.91345989,2195,"","","ITE31",358886,"ITE3",2020-04-14,0,0,1,3,6,11,24,33,55,72,100,126,159,204,246,296,342,403,496,591,712,733,812,910,983,1099,1186,1249,1312,1371,1432,1474,1475,1507,1577,1639,1664,1722,1756,1786,1820,1853,1919,1956,2001,2044,2093,2121,2140,2181,2195,1.00641907381935,1.01915887850467,1.00895803866101,1.0133779264214,1.01149704577277,1.14970457727732,0.641907381934903,-0.5
"5407","2020-04-14T17:00:00","ITA",14,"Molise",70,"Campobasso","CB",41.55774754,14.65916051,191,"","","ITF22",221238,"ITF2",2020-04-14,0,0,0,0,0,0,0,0,3,3,7,12,14,14,14,15,16,16,17,17,17,21,25,24,33,39,49,53,54,60,60,85,91,97,108,114,124,139,142,149,154,166,166,166,166,176,185,187,191,191,191,1,1,1.02139037433155,1.01081081081081,1.00707988175908,0.707988175908381,0,-0.7
"5408","2020-04-14T17:00:00","ITA",14,"Molise",94,"Isernia","IS",41.58800826,14.22575407,50,"","","ITF21",84379,"ITF2",2020-04-14,0,0,0,0,0,0,0,0,0,0,0,0,0,0,0,0,0,0,0,0,0,0,0,1,4,4,4,4,4,4,4,9,9,13,9,9,9,10,11,15,40,44,44,43,43,43,43,43,50,50,50,1,1,1.16279069767442,1,1.05155949599222,5.15594959922205,0,-5.2
"5409","2020-04-14T17:00:00","ITA",1,"Piemonte",6,"Alessandria","AL",44.91297351,8.615401155,2367,"","","ITC18",421284,"ITC1",2020-04-14,0,0,0,0,0,0,0,0,1,16,22,32,40,60,63,65,105,132,136,182,207,273,323,374,374,595,654,760,817,946,946,980,1106,1197,1255,1280,1317,1378,1428,1491,1591,1763,1904,1946,2016,2081,2119,2191,2248,2315,2367,1.02246220302376,1.02980427046263,1.0260155180283,1.033978291647,1.0260896180618,2.60896180618004,2.2462203023758,-0.4
"5410","2020-04-14T17:00:00","ITA",1,"Piemonte",5,"Asti","AT",44.89912921,8.204142547,868,"","","ITC17",214638,"ITC1",2020-04-14,0,0,0,0,0,0,0,37,40,41,43,47,50,58,58,58,68,69,70,87,87,87,90,101,101,151,166,181,209,235,261,282,303,318,328,402,434,461,501,523,560,596,609,629,643,655,703,745,779,793,868,1.09457755359395,1.01797175866496,1.04563758389262,1.0597439544808,1.05225537009272,5.2255370092716,9.4577553593947,4.2
"5411","2020-04-14T17:00:00","ITA",1,"Piemonte",96,"Biella","BI",45.5665112,8.054082167,702,"","","ITC13",175585,"ITC1",2020-04-14,0,0,0,0,0,0,0,0,0,0,2,3,6,19,18,20,36,39,48,48,50,67,96,109,109,175,182,243,253,280,327,336,367,399,439,471,490,503,523,542,559,571,583,591,600,621,628,653,662,679,702,1.03387334315169,1.02567975830816,1.01378254211332,1.03980891719745,1.02441196803939,2.44119680393908,3.38733431516938,0.9
"5412","2020-04-14T17:00:00","ITA",1,"Piemonte",4,"Cuneo","CN",44.39329625,7.551171632,1747,"","","ITC16",587098,"ITC1",2020-04-14,0,0,0,0,0,0,0,0,0,0,0,1,1,5,11,14,17,24,40,47,61,91,119,149,149,221,265,303,367,409,441,487,518,558,591,650,731,778,826,850,932,1071,1135,1187,1227,1301,1318,1350,1462,1607,1747,1.08711885500933,1.09917920656635,1.08296296296296,1.02427921092564,1.08973202010607,8.97320201060734,8.71188550093343,-0.3
"5413","2020-04-14T17:00:00","ITA",1,"Piemonte",3,"Novara","NO",45.44588506,8.621915884,1638,"","","ITC15",369018,"ITC1",2020-04-14,0,0,0,0,0,0,0,3,3,3,3,4,5,13,14,22,27,32,48,48,71,109,150,190,190,293,330,398,420,471,517,577,609,657,694,733,797,854,902,930,967,986,1008,1073,1146,1218,1258,1540,1605,1612,1638,1.01612903225806,1.00436137071651,1.04220779220779,1.2241653418124,1.0207774297423,2.0777429742296,1.61290322580645,-0.5
"5414","2020-04-14T17:00:00","ITA",1,"Piemonte",1,"Torino","TO",45.0732745,7.680687483,8339,"","","ITC11",2259523,"ITC1",2020-04-14,0,3,3,2,11,11,49,6,7,11,19,34,55,89,87,111,159,187,305,305,359,542,749,1042,1042,1556,1680,1989,2198,2496,2813,3108,3361,3658,3933,4150,4455,4711,4991,5295,5772,5985,6180,6375,6595,6925,7226,7605,7939,8129,8339,1.02583343584697,1.02393248519965,1.04391847468771,1.05244948796014,1.03118895297343,3.11889529734328,2.58334358469676,-0.5
"5415","2020-04-14T17:00:00","ITA",1,"Piemonte",103,"Verbano-Cusio-Ossola","VB",45.9214455,8.551078753,893,"","","ITC14",158349,"ITC1",2020-04-14,0,0,0,0,0,0,0,4,4,5,5,9,10,13,11,11,13,18,29,36,50,58,76,89,89,142,149,159,190,229,247,255,288,308,346,376,393,410,444,505,535,556,619,630,719,774,790,859,865,876,893,1.01940639269406,1.01271676300578,1.0069848661234,1.0873417721519,1.01302329355875,1.30232935587453,1.9406392694064,0.6
"5416","2020-04-14T17:00:00","ITA",1,"Piemonte",2,"Vercelli","VC",45.32398135,8.423234312,839,"","","ITC12",170911,"ITC1",2020-04-14,0,0,0,0,0,0,0,1,1,3,8,7,10,15,11,18,24,25,29,31,84,99,113,131,131,203,210,242,263,290,308,336,358,397,426,449,473,488,520,565,583,605,647,665,678,693,708,789,817,830,839,1.01084337349398,1.01591187270502,1.03548795944233,1.11440677966102,1.02069264633869,2.06926463386934,1.08433734939759,-1
"5417","2020-04-14T17:00:00","ITA",16,"Puglia",72,"Bari","BA",41.12559576,16.86736689,989,"","","ITF42",1251994,"ITF4",2020-04-14,0,0,0,1,0,0,0,1,2,2,2,3,5,5,6,15,18,25,38,42,58,58,95,112,137,165,194,231,268,304,336,387,444,469,518,594,616,655,700,741,762,790,807,834,861,870,886,913,921,962,989,1.02806652806653,1.04451682953312,1.00876232201533,1.03047404063205,1.02701118004738,2.70111800473762,2.8066528066528,0.1
"5418","2020-04-14T17:00:00","ITA",16,"Puglia",110,"Barletta-Andria-Trani","BT",41.22705039,16.29520432,306,"","","IT110",390011,"IT11",2020-04-14,0,0,0,0,0,0,0,0,0,1,1,1,2,3,3,3,4,6,10,17,22,22,23,23,26,30,32,49,59,62,65,85,92,96,98,103,111,116,126,129,129,138,177,177,212,212,243,260,296,301,306,1.01661129568106,1.01689189189189,1.13846153846154,1.06995884773663,1.05580251657787,5.58025165778651,1.66112956810631,-3.9
"5419","2020-04-14T17:00:00","ITA",16,"Puglia",74,"Brindisi","BR",40.63848545,17.94601575,403,"","","ITF44",392975,"ITF4",2020-04-14,0,0,0,0,0,0,0,0,0,0,0,0,3,3,5,5,15,16,20,23,40,40,52,65,75,84,94,100,102,103,116,122,125,148,152,164,164,191,208,218,234,246,257,262,284,299,316,334,358,379,403,1.06332453825858,1.0586592178771,1.07185628742515,1.05696202531646,1.06459934126136,6.45993412613604,6.33245382585752,-0.1
"5420","2020-04-14T17:00:00","ITA",16,"Puglia",71,"Foggia","FG",41.46226865,15.54305094,742,"","","ITF41",622183,"ITF4",2020-04-14,0,0,0,0,0,0,0,0,1,2,7,7,9,16,23,23,24,33,34,52,62,62,91,91,134,163,190,212,226,255,277,305,325,355,377,405,457,490,502,527,546,564,605,635,652,701,721,724,739,737,742,1.0067842605156,0.997293640054127,1.0207182320442,1.00416088765603,1.00821954676192,0.821954676191528,0.678426051560388,-0.1
"5421","2020-04-14T17:00:00","ITA",16,"Puglia",75,"Lecce","LE",40.35354285,18.1718973,425,"","","ITF45",795134,"ITF4",2020-04-14,0,0,0,0,0,0,0,0,0,1,1,3,4,10,10,10,12,18,19,24,38,38,62,65,71,88,103,120,149,161,164,177,215,239,239,293,303,321,353,359,362,368,378,384,389,395,403,418,418,424,425,1.00235849056604,1.01435406698565,1,1.03722084367246,1.00555126360986,0.555126360986224,0.235849056603765,-0.3
"5422","2020-04-14T17:00:00","ITA",16,"Puglia",73,"Taranto","TA",40.47354739,17.23237181,226,"","","ITF43",576756,"ITF4",2020-04-14,0,0,0,0,3,3,3,3,3,3,3,3,3,3,3,3,4,6,8,8,10,10,17,19,23,33,35,41,46,51,56,74,78,93,99,121,126,148,163,178,180,182,190,192,201,206,208,218,221,225,226,1.00444444444444,1.01809954751131,1.01376146788991,1.04807692307692,1.01208576182507,1.2085761825074,0.444444444444447,-0.8
"5423","2020-04-14T17:00:00","ITA",20,"Sardegna",92,"Cagliari","CA",39.21531192,9.110616306,201,"","","ITG27",431038,"ITG2",2020-04-14,0,0,0,0,0,0,0,0,1,2,2,3,3,9,14,15,15,11,15,16,18,24,27,32,41,43,45,52,61,64,74,83,83,97,102,103,111,116,126,134,144,146,146,148,151,161,179,185,191,197,201,1.02030456852792,1.03141361256544,1.03243243243243,1.03351955307263,1.02803549467094,2.8035494670938,2.03045685279188,-0.8
"5424","2020-04-14T17:00:00","ITA",20,"Sardegna",91,"Nuoro","NU",40.32318834,9.330296393,67,"","","ITG26",208550,"ITG2",2020-04-14,0,0,0,0,0,0,0,0,0,0,0,2,2,2,3,3,18,18,18,18,19,19,20,20,21,22,22,22,22,26,26,52,52,56,57,57,57,59,60,62,62,65,65,65,67,67,67,67,67,67,67,1,1,1,1,1,0,0,0
"5425","2020-04-14T17:00:00","ITA",20,"Sardegna",95,"Oristano","OR",39.90381075,8.591183151,35,"","","ITG28",157707,"ITG2",2020-04-14,0,0,0,0,0,0,0,0,0,0,0,0,0,0,1,1,2,2,2,2,2,2,2,3,3,4,4,4,7,7,7,7,9,9,9,10,10,15,18,19,20,24,27,28,29,31,31,33,34,35,35,1,1.02941176470588,1.03030303030303,1.06451612903226,1.0198071084068,1.9807108406801,0,-2
"5426","2020-04-14T17:00:00","ITA",20,"Sardegna",90,"Sassari","SS",40.72667657,8.559667131,749,"","","ITG25",491571,"ITG2",2020-04-14,0,0,0,0,0,0,0,0,0,0,0,0,0,0,1,1,2,4,4,6,35,57,63,74,134,216,251,253,260,309,318,331,336,407,415,454,486,497,528,547,585,601,610,620,654,689,706,724,737,745,749,1.00536912751678,1.01085481682497,1.01795580110497,1.02549575070822,1.01138013027807,1.13801302780689,0.536912751677843,-0.6
"5427","2020-04-14T17:00:00","ITA",20,"Sardegna",111,"Sud Sardegna","SU",39.16641462,8.526242676,86,"","","IT111",350725,"IT11",2020-04-14,0,0,0,0,0,0,0,0,0,0,0,0,0,0,0,0,0,4,4,5,3,5,5,5,7,8,8,8,9,15,17,21,50,55,55,58,58,58,62,63,63,71,74,74,74,78,80,82,84,84,86,1.02380952380952,1,1.02439024390244,1.025,1.01600270985185,1.60027098518507,2.38095238095237,0.8
"5428","2020-04-14T17:00:00","ITA",19,"Sicilia",84,"Agrigento","AG",37.30971088,13.5845749,130,"","","ITG14",434870,"ITG1",2020-04-14,0,0,0,0,0,0,0,0,0,0,0,0,1,1,1,11,16,17,17,17,20,22,22,24,27,31,36,41,45,47,50,55,58,58,78,89,94,96,98,100,102,107,109,110,113,115,119,123,126,128,130,1.015625,1.01587301587302,1.02439024390244,1.03361344537815,1.01862128511821,1.86212851182137,1.5625,-0.3
"5429","2020-04-14T17:00:00","ITA",19,"Sicilia",85,"Caltanissetta","CL",37.49213171,14.06184973,135,"","","ITG15",262458,"ITG1",2020-04-14,0,0,0,0,0,0,0,0,0,0,0,0,0,0,0,0,0,2,2,2,2,4,4,6,12,18,27,27,29,40,45,50,55,57,68,70,70,76,80,83,93,102,104,105,107,112,116,122,128,131,135,1.03053435114504,1.0234375,1.04918032786885,1.05172413793103,1.03432728019475,3.43272801947485,3.05343511450382,-0.4
"5430","2020-04-14T17:00:00","ITA",19,"Sicilia",87,"Catania","CT",37.50287803,15.08704691,715,"","","ITG17",1107702,"ITG1",2020-04-14,0,0,0,1,1,1,1,1,1,1,1,15,23,23,23,35,41,49,49,49,91,96,108,131,151,162,189,234,274,286,308,346,365,387,407,448,498,510,544,559,569,594,614,630,646,662,672,678,689,704,715,1.015625,1.02177068214804,1.01622418879056,1.00892857142857,1.01786953481923,1.78695348192324,1.5625,-0.2
"5431","2020-04-14T17:00:00","ITA",19,"Sicilia",86,"Enna","EN",37.56705701,14.27909375,335,"","","ITG16",164788,"ITG1",2020-04-14,0,0,0,0,0,0,0,0,0,0,0,1,0,0,0,1,1,1,1,1,2,5,8,8,21,25,27,34,44,63,90,133,155,168,192,195,203,224,238,257,280,284,287,289,296,300,316,321,325,327,335,1.02446483180428,1.00615384615385,1.01246105919003,1.01582278481013,1.01433152848257,1.43315284825716,2.44648318042813,1
"5432","2020-04-14T17:00:00","ITA",19,"Sicilia",83,"Messina","ME",38.19395845,15.55572302,439,"","","ITG13",626876,"ITG1",2020-04-14,0,0,0,0,0,0,0,0,0,0,0,0,2,2,2,2,4,9,9,9,10,11,16,16,16,39,70,112,120,139,174,221,227,279,289,305,311,319,323,337,344,353,362,370,376,399,412,422,429,436,439,1.00688073394495,1.01631701631702,1.01658767772512,1.02427184466019,1.01325173585421,1.3251735854209,0.688073394495414,-0.6
"5433","2020-04-14T17:00:00","ITA",19,"Sicilia",82,"Palermo","PA",38.11569725,13.3623567,391,"","","ITG12",1252588,"ITG1",2020-04-14,0,3,3,3,3,3,3,3,3,3,3,5,6,6,6,10,15,26,26,26,33,37,40,47,52,59,63,92,109,170,193,205,218,232,236,253,262,276,282,290,296,299,301,317,329,346,351,363,376,385,391,1.01558441558442,1.02393617021277,1.03581267217631,1.03418803418803,1.02507752298085,2.50775229808466,1.55844155844156,-0.9
"5434","2020-04-14T17:00:00","ITA",19,"Sicilia",88,"Ragusa","RG",36.92509198,14.73069891,67,"","","ITG18",320893,"ITG1",2020-04-14,0,0,0,0,0,0,0,0,0,0,0,1,1,1,1,1,1,2,2,2,4,4,4,6,7,7,8,9,9,9,22,28,32,32,32,35,43,44,45,46,47,48,54,54,56,58,61,64,66,67,67,1,1.01515151515152,1.03125,1.04918032786885,1.01538702511142,1.53870251114199,0,-1.5
"5435","2020-04-14T17:00:00","ITA",19,"Sicilia",89,"Siracusa","SR",37.05991687,15.29333182,156,"","","ITG19",399224,"ITG1",2020-04-14,0,0,0,0,0,0,0,0,0,0,0,2,2,2,2,2,3,5,5,5,15,21,21,28,33,40,43,49,49,49,64,77,79,84,87,89,93,98,101,106,107,109,111,113,122,124,135,146,148,149,156,1.04697986577181,1.00675675675676,1.01369863013699,1.08148148148148,1.02232876560904,2.23287656090436,4.69798657718121,2.5
"5436","2020-04-14T17:00:00","ITA",19,"Sicilia",81,"Trapani","TP",38.01850065,12.51365684,133,"","","ITG11",430492,"ITG1",2020-04-14,0,0,0,0,0,0,0,0,0,0,0,0,0,0,0,0,2,4,4,4,11,13,14,16,21,27,27,32,42,43,48,49,61,62,71,71,73,75,80,81,94,98,104,109,114,116,120,125,129,131,133,1.01526717557252,1.01550387596899,1.032,1.04166666666667,1.02089374440029,2.08937444002926,1.52671755725191,-0.6
"5437","2020-04-14T17:00:00","ITA",9,"Toscana",51,"Arezzo","AR",43.46642752,11.88228844,487,"","","ITE18",342654,"ITE1",2020-04-14,0,0,0,0,0,0,0,1,2,2,5,7,8,9,12,13,14,14,16,27,41,43,71,142,113,124,136,154,201,211,229,249,249,272,284,310,332,343,357,358,370,378,387,396,398,399,403,417,429,453,487,1.07505518763797,1.05594405594406,1.02877697841727,1.03473945409429,1.05308712244567,5.30871224456659,7.5055187637969,2.2
"5438","2020-04-14T17:00:00","ITA",9,"Toscana",48,"Firenze","FI",43.76923077,11.25588885,2311,"","","ITE14",1011349,"ITE1",2020-04-14,0,1,2,1,7,5,5,4,7,12,20,23,27,39,51,61,71,86,101,132,162,186,214,295,349,401,451,514,548,622,709,764,764,855,957,1022,1087,1158,1419,1543,1626,1715,1769,1805,1871,1961,2069,2154,2259,2269,2311,1.01851035698546,1.00442673749447,1.04874651810585,1.04108264862252,1.0237283936439,2.37283936438997,1.85103569854561,-0.5
"5439","2020-04-14T17:00:00","ITA",9,"Toscana",53,"Grosseto","GR",42.76026758,11.11356398,368,"","","ITE1A",221629,"ITE1",2020-04-14,0,0,0,0,0,0,0,0,0,0,2,2,2,4,6,10,12,16,16,31,38,50,60,68,89,97,106,120,128,140,147,174,174,234,245,251,257,263,264,264,273,277,284,290,290,292,310,323,327,368,368,1,1.12538226299694,1.01238390092879,1.04193548387097,1.04443583795377,4.4435837953769,0,-4.4
"5440","2020-04-14T17:00:00","ITA",9,"Toscana",49,"Livorno","LI",43.55234873,10.3086781,410,"","","ITE16",334832,"ITE1",2020-04-14,0,0,0,0,0,0,0,0,0,3,3,5,6,10,10,14,16,16,27,40,50,53,59,62,62,117,120,130,140,162,179,204,204,220,236,271,280,295,301,307,316,322,323,336,349,353,358,379,398,404,410,1.01485148514851,1.01507537688442,1.05013192612137,1.0586592178771,1.02655340751041,2.65534075104101,1.48514851485149,-1.2
"5441","2020-04-14T17:00:00","ITA",9,"Toscana",46,"Lucca","LU",43.84432283,10.50151366,1061,"","","ITE12",387876,"ITE1",2020-04-14,0,0,0,0,0,1,1,1,3,3,6,8,15,26,31,37,43,49,79,96,130,138,179,205,230,249,307,356,363,387,436,481,481,618,672,711,729,771,802,843,855,872,888,920,954,979,988,1006,1020,1060,1061,1.00094339622642,1.03921568627451,1.01391650099404,1.01821862348178,1.01790160947959,1.79016094795856,0.094339622641515,-1.7
"5442","2020-04-14T17:00:00","ITA",9,"Toscana",45,"Massa-Carrara","MS",44.03674425,10.14173829,873,"","","ITE11",194878,"ITE1",2020-04-14,0,0,0,0,0,1,3,3,3,4,6,10,16,21,28,37,40,40,65,88,108,117,143,176,200,232,256,281,289,314,330,334,334,470,493,543,561,611,644,644,659,667,698,734,769,790,798,814,855,867,873,1.00692041522491,1.0140350877193,1.05036855036855,1.02005012531328,1.02359921999204,2.35992199920434,0.69204152249136,-1.7
"5443","2020-04-14T17:00:00","ITA",9,"Toscana",50,"Pisa","PI",43.71553206,10.40127259,727,"","","ITE17",419037,"ITE1",2020-04-14,0,0,0,0,0,0,0,0,0,2,5,8,11,17,20,31,34,34,51,62,71,78,101,124,146,180,211,234,266,285,317,350,350,398,432,446,471,491,515,519,527,544,560,584,592,606,613,636,677,694,727,1.04755043227666,1.02511078286558,1.06446540880503,1.03752039151713,1.04558440820216,4.55844082021646,4.75504322766571,0.2
"5444","2020-04-14T17:00:00","ITA",9,"Toscana",47,"Pistoia","PT",43.933465,10.91734146,513,"","","ITE13",292473,"ITE1",2020-04-14,0,1,0,1,1,1,1,1,1,1,1,1,6,13,16,21,32,43,48,63,79,90,100,122,145,171,181,215,229,243,254,264,264,298,309,324,332,333,346,361,374,394,400,404,450,457,468,490,506,509,513,1.00785854616896,1.00592885375494,1.03265306122449,1.04700854700855,1.01540764378147,1.54076437814721,0.785854616895865,-0.8
"5445","2020-04-14T17:00:00","ITA",9,"Toscana",100,"Prato","PO",43.88062274,11.09703315,404,"","","ITE15",257716,"ITE1",2020-04-14,0,0,0,0,0,0,0,0,0,1,1,1,3,3,5,7,21,25,26,33,42,45,53,59,70,94,111,129,137,159,178,189,189,217,221,248,258,290,291,323,332,338,342,344,345,355,357,370,393,394,404,1.0253807106599,1.00254452926209,1.06216216216216,1.03641456582633,1.02973754329968,2.97375432996811,2.53807106598984,-0.4
"5446","2020-04-14T17:00:00","ITA",9,"Toscana",52,"Siena","SI",43.31816374,11.33190988,373,"","","ITE19",267197,"ITE1",2020-04-14,0,0,0,0,0,3,3,3,3,10,12,14,19,24,29,33,37,41,41,58,60,66,73,77,78,128,133,144,160,176,193,216,216,235,273,286,301,312,334,337,339,340,350,360,361,360,363,369,371,372,373,1.00268817204301,1.00269541778976,1.00542005420054,1.01652892561983,1.00360039109393,0.360039109392973,0.268817204301075,-0.1
"5447","2020-04-14T17:00:00","ITA",4,"Trentino Alto Adige / Südtirol",22,"Trento","TN",46.06893511,11.12123097,3141,"","","ITD20",541098,"ITDA",2020-04-14,0,0,0,0,0,0,0,0,4,5,7,10,14,23,33,52,77,107,163,206,378,378,385,455,523,642,782,954,1023,1110,1222,1297,1391,1505,1594,1682,1746,1870,2003,2109,2220,2285,2348,2476,2602,2708,2816,2970,3053,3126,3141,1.00479846449136,1.02391090730429,1.02794612794613,1.0546875,1.01883493707549,1.88349370754932,0.479846449136279,-1.4
"5448","2020-04-14T17:00:00","ITA",10,"Umbria",54,"Perugia","PG",43.10675841,12.38824698,957,"","","ITE21",656382,"ITE2",2020-04-14,0,0,0,0,0,0,2,1,1,6,6,10,15,15,12,13,26,37,47,47,86,104,129,164,236,280,329,376,424,472,523,600,658,729,775,792,813,822,844,884,905,925,929,933,941,947,950,952,956,956,957,1.0010460251046,1,1.00420168067227,1.00210526315789,1.00174764424047,0.174764424046736,0.10460251046025,-0.1
"5449","2020-04-14T17:00:00","ITA",10,"Umbria",55,"Terni","TR",42.56071258,12.6466875,317,"","","ITE22",225633,"ITE2",2020-04-14,0,0,0,0,0,0,0,1,1,3,3,6,9,11,16,24,18,25,29,29,57,60,63,74,84,97,115,128,134,155,163,178,195,213,218,226,230,236,246,257,263,275,284,288,303,305,306,310,316,317,317,1,1.00316455696203,1.01935483870968,1.01307189542484,1.00747092795982,0.747092795982085,0,-0.7
"5450","2020-04-14T17:00:00","ITA",2,"Valle d'Aosta / Vallée d'Aoste",7,"Valle d'Aosta / Vallée d'Aoste","AO",45.73750286,7.320149366,947,"","","ITC20",125666,"ITC2",2020-04-14,0,0,0,0,0,0,0,0,0,0,2,7,8,9,15,17,20,27,28,42,57,105,136,165,215,264,313,364,393,400,401,408,452,511,584,584,628,631,668,719,748,782,805,835,850,868,879,902,921,927,947,1.02157497303128,1.00651465798046,1.02106430155211,1.02616609783845,1.01636058332627,1.63605833262692,2.15749730312838,0.5
"5451","2020-04-14T17:00:00","ITA",5,"Veneto",25,"Belluno","BL",46.13837528,12.21704167,698,"","","ITD33",202950,"ITD3",2020-04-14,0,0,0,0,0,0,0,3,5,7,7,7,11,23,29,29,30,48,59,78,82,101,109,140,150,195,212,226,254,273,298,313,329,367,396,423,430,460,487,499,522,538,558,577,602,620,649,653,664,686,698,1.01749271137026,1.03313253012048,1.01684532924962,1.00616332819723,1.02246255901278,2.24625590127787,1.74927113702623,-0.5
"5452","2020-04-14T17:00:00","ITA",5,"Veneto",28,"Padova","PD",45.40692987,11.87608718,3407,"","","ITD36",937908,"ITD3",2020-04-14,0,30,40,59,68,81,105,135,144,162,175,198,216,255,273,296,373,439,523,611,658,715,781,882,924,1026,1155,1277,1371,1464,1636,1777,1891,2009,2124,2188,2264,2368,2489,2553,2632,2744,2863,2965,3056,3134,3206,3250,3310,3354,3407,1.01580202742993,1.01329305135952,1.01846153846154,1.01372426699938,1.01585001386728,1.5850013867279,1.58020274299344,0
"5453","2020-04-14T17:00:00","ITA",5,"Veneto",29,"Rovigo","RO",45.07107289,11.79007,287,"","","ITD37",234937,"ITD3",2020-04-14,0,0,0,0,0,0,0,0,1,4,5,5,5,5,7,10,14,13,16,27,27,27,28,33,52,67,68,76,80,82,87,110,122,122,125,131,136,140,152,180,184,186,203,218,232,249,271,274,280,280,287,1.025,1,1.02189781021898,1.01107011070111,1.01557135940948,1.55713594094773,2.49999999999999,0.9
"5454","2020-04-14T17:00:00","ITA",5,"Veneto",26,"Treviso","TV",45.66754571,12.24507363,2032,"","","ITD34",887806,"ITD3",2020-04-14,0,1,2,22,23,35,43,72,82,86,89,103,110,126,136,158,185,279,327,376,413,452,502,591,637,719,806,935,999,1091,1177,1254,1310,1359,1402,1449,1522,1554,1606,1657,1687,1712,1726,1738,1863,1906,1944,1973,1983,1983,2032,1.02471003530005,1,1.00506842372022,1.01491769547325,1.00987015941902,0.987015941901714,2.47100353000504,1.5
"5455","2020-04-14T17:00:00","ITA",5,"Veneto",27,"Venezia","VE",45.43490485,12.33845213,2008,"","","ITD35",853338,"ITD3",2020-04-14,0,7,8,14,15,19,24,48,48,59,73,85,100,126,130,152,179,205,248,282,328,356,378,426,475,574,666,732,799,837,874,920,955,1019,1067,1107,1170,1231,1293,1321,1362,1425,1487,1543,1630,1751,1780,1883,1957,1983,2008,1.01260716086737,1.01328564128769,1.03929899097185,1.05786516853933,1.02165546585389,2.1655465853893,1.26071608673726,-0.9
"5456","2020-04-14T17:00:00","ITA",5,"Veneto",23,"Verona","VR",45.43839046,10.99352685,3572,"","","ITD31",926497,"ITD3",2020-04-14,0,0,0,0,0,0,2,8,17,21,25,42,52,63,73,96,110,150,210,275,335,425,481,626,686,784,954,1046,1099,1228,1304,1402,1645,1754,1876,1982,2112,2287,2405,2488,2547,2688,2755,2856,2920,3049,3257,3402,3495,3547,3572,1.00704820975472,1.01487839771102,1.02733686067019,1.04451949646914,1.01638687214345,1.63868721434506,0.70482097547222,-0.9
"5457","2020-04-14T17:00:00","ITA",5,"Veneto",24,"Vicenza","VI",45.547497,11.54597109,2089,"","","ITD32",862418,"ITD3",2020-04-14,0,0,0,3,3,3,3,3,5,10,19,24,37,50,53,73,92,122,141,164,235,287,325,393,424,518,572,631,691,744,824,899,966,1036,1104,1168,1242,1327,1434,1514,1608,1647,1704,1734,1782,1885,1953,2009,2055,2080,2089,1.00432692307692,1.01216545012165,1.02289696366351,1.02867383512545,1.01310121082716,1.31012108271626,0.432692307692317,-0.9
